SampleID,bare_rock,bare_sand,bedrock,boulder,cobble,Relief_0_pt1,Relief_1_2,Relief_greater2,Relief_pt1_1,sand,sediment,shell_hash,Year,Longitude,Latitude,DeepestSurvey,MeanSST,NumbNearSites,Slope,Island_Mainland,LittoralDrift,ReefAreaRevised,SiteCode,SST,SST1,SST2,ENSO,ENSO1,ENSO2,settlement1,settlement2,ref_1980,ref_10yr,ref_5yr,calval_1980,calval_5yr,ref_notrain_1980,ref_notrain_5yr
112_2011,9.444166667,20,47.2225,22.22166667,6.944166667,10.83416667,6.665,22.7775,59.72333333,23.61,0,3.610833333,2011,-119.55051,34.05032,20.4,15.62,6,4.686159,Island,0,4283236.613,112,15.336,14.466,16.014,-0.92675,-0.43375,0.39075,162.1459364,152.6976326,No,No,Yes,Test,Test,No,Yes
112_2012,6.388333333,14.72166667,70.555,9.165833333,3.054166667,9.445,24.72,25.27916667,40.55583333,17.2225,0,3.61,2012,-119.55051,34.05032,20.4,15.62,6,4.686159,Island,0,4283236.613,112,15.762,15.336,14.466,0.142833333,-0.92675,-0.43375,91.05772947,162.1459364,No,No,Yes,Test,Test,No,Yes
113_2004,4.125833333,40.89583333,34.4675,12.0925,7.9225,36.25,0,0.139166667,63.61083333,45.515,2.9175,3.094166667,2004,-119.64183,33.9832,15.9,16.16,4,4.565442,Island,0,20439751.03,113,16.902,16.356,15.73125,0.40775,0.448333333,0.577166667,202.4952452,596.8257782,No,No,No,Test,Test,No,No
113_2008,12.51833333,12.52833333,66.38833333,5.834166667,13.055,3.610833333,2.221666667,1.388333333,92.77916667,14.7225,0,0.2775,2008,-119.64183,33.9832,15.9,16.16,4,4.565442,Island,0,20439751.03,113,15.624,15.69,16.89,-0.686166667,-0.34275,0.301166667,465.6675193,510.6418485,No,No,No,Test,Test,No,No
113_2011,17.2225,25.83333333,44.72083333,23.61166667,13.88916667,5.833333333,10.2775,2.221666667,81.66583333,17.77833333,0,0.555,2011,-119.64183,33.9832,15.9,16.16,4,4.565442,Island,0,20439751.03,113,15.552,15.006,16.104,-0.92675,-0.43375,0.39075,162.1459364,152.6976326,No,No,No,Test,Test,No,No
113_2012,11.11083333,18.055,61.94416667,9.166666667,9.443333333,5.276666667,6.388333333,0.555833333,87.77916667,19.445,0,0.555,2012,-119.64183,33.9832,15.9,16.16,4,4.565442,Island,0,20439751.03,113,16.548,15.552,15.006,0.142833333,-0.92675,-0.43375,91.05772947,162.1459364,No,No,No,Test,Test,No,No
114_2004,10.84166667,19.725,59.16583333,12.5,14.58166667,18.33416667,0.555833333,0.2775,80.83416667,13.75,5.420833333,0.695833333,2004,-119.55903,33.99283,20.1,16.04,7,2.788854,Island,0,20439751.03,114,16.308,16.008,16.08125,0.40775,0.448333333,0.577166667,202.4952452,596.8257782,No,No,No,Test,Test,No,No
114_2008,13.05416667,6.945,71.66583333,4.444166667,18.05416667,11.38833333,4.166666667,2.7775,81.6675,5.8325,0,1.388333333,2008,-119.55903,33.99283,20.1,16.04,7,2.788854,Island,0,20439751.03,114,15.954,15.546,16.59,-0.686166667,-0.34275,0.301166667,465.6675193,510.6418485,No,No,No,Test,Test,No,No
114_2011,12.44833333,18.04833333,55.00083333,20.83333333,15.55416667,17.7775,0.2775,0,81.94416667,8.610833333,0,2.7775,2011,-119.55903,33.99283,20.1,16.04,7,2.788854,Island,0,20439751.03,114,15.636,15.3,16.146,-0.92675,-0.43375,0.39075,162.1459364,152.6976326,No,No,No,Test,Test,No,No
114_2012,7.2225,16.94333333,61.11166667,10,18.05583333,14.445,0.2775,0,85.2775,10.83333333,0,3.055,2012,-119.55903,33.99283,20.1,16.04,7,2.788854,Island,0,20439751.03,114,16.134,15.636,15.3,0.142833333,-0.92675,-0.43375,91.05772947,162.1459364,No,No,No,Test,Test,No,No
115_2004,8.014166667,5.1075,75.83416667,0,2.7775,45.83333333,0.9725,0.2775,52.91666667,21.39,0.406666667,3.044166667,2004,-120.33518,34.01647,18,14.15,4,2.933699,Island,0,28469275.62,115,14.52,14.322,14.016,0.40775,0.448333333,0.577166667,202.4952452,596.8257782,No,Yes,Yes,Test,Val,No,Yes
115_2008,7.221666667,2.776666667,92.77833333,0,4.166666667,18.88916667,6.39,0.833333333,73.8875,3.055,0,3.61,2008,-120.33518,34.01647,18,14.15,4,2.933699,Island,0,28469275.62,115,13.794,13.572,14.838,-0.686166667,-0.34275,0.301166667,465.6675193,510.6418485,No,Yes,Yes,Test,Test,No,Yes
115_2011,9.445,15.55666667,78.05666667,5.833333333,5.8325,23.3325,1.389166667,0,75.27833333,10.27833333,0,0.555,2011,-120.33518,34.01647,18,14.15,4,2.933699,Island,0,28469275.62,115,13.986,13.218,14.19,-0.92675,-0.43375,0.39075,162.1459364,152.6976326,No,Yes,Yes,Test,Test,No,Yes
1_2008,8.8725,14.515,41.1275,33.87,12.9025,41.935,4.035,0,54.0325,12.0975,0,1.6125,2008,-118.33215,33.71762,10.5,16.81,8,2.255984,Mainland,0,2146056.919,1,16.704,16.692,17.154,-0.686166667,-0.34275,0.301166667,465.6675193,510.6418485,No,No,No,Test,Test,No,No
10_2011,39.22833333,10.52833333,87.77833333,2.5,5.2775,39.16583333,0,0,60.83416667,4.445,0,3.3525,2011,-120.12116,34.46804,14.3,15.59,0,2.412096,Mainland,8.842744,37664407.28,10,15.522,14.28,15.846,-0.92675,-0.43375,0.39075,162.1459364,152.6976326,Yes,Yes,Yes,Cal,Cal,No,No
10_2012,16.38916667,6.944166667,87.77833333,1.110833333,10.2775,57.2225,0.2775,0,42.5,0.833333333,15.55583333,2.776666667,2012,-120.12116,34.46804,14.3,15.59,0,2.412096,Mainland,8.842744,37664407.28,10,15.66,15.522,14.28,0.142833333,-0.92675,-0.43375,91.05772947,162.1459364,Yes,Yes,Yes,Test,Test,Yes,Yes
100_2012,1.61375,8.46875,79.03375,15.725,1.61375,0,15.32375,1.21,83.46625,3.63,0,0,2012,-118.57756,32.96762,25,16.62,6,4.00635,Island,0,7855530.877,100,16.824,16.224,15.51,0.142833333,-0.92675,-0.43375,91.05772947,162.1459364,No,Yes,No,Test,Test,No,No
101_2012,0.8075,23.385,66.13,12.095,0.8075,3.2275,10.4825,12.0975,74.1925,20.9675,0,0,2012,-118.49825,32.9364,12.6,17.61,3,12.162027,Island,0,1587813.64,101,17.982,17.19,16.974,0.142833333,-0.92675,-0.43375,91.05772947,162.1459364,No,No,No,Test,Test,No,No
102_2008,13.5025,2.395,66.5275,14.44583333,16.80416667,21.25,8.889166667,0.416666667,69.44416667,2.2225,0.550833333,1.3875,2008,-119.56949,34.05384,18.9,15.62,6,5.529875,Island,0,4283236.613,102,15.66,15.072,16.23,-0.686166667,-0.34275,0.301166667,465.6675193,510.6418485,No,Yes,Yes,Test,Cal,No,No
102_2011,6.665833333,4.721666667,48.89,38.05416667,11.11083333,0.2775,15.6125,7.3275,76.78166667,1.944166667,0,1.665833333,2011,-119.56949,34.05384,18.9,15.62,6,5.529875,Island,0,4283236.613,102,14.922,14.91,15.618,-0.92675,-0.43375,0.39075,162.1459364,152.6976326,No,Yes,Yes,Test,Test,No,Yes
102_2012,3.055833333,2.5,62.50083333,19.44333333,13.3325,0.2775,34.72333333,3.889166667,61.11083333,4.721666667,0,1.388333333,2012,-119.56949,34.05384,18.9,15.62,6,5.529875,Island,0,4283236.613,102,15.924,14.922,14.91,0.142833333,-0.92675,-0.43375,91.05772947,162.1459364,No,Yes,Yes,Test,Test,No,Yes
103_2004,4.031666667,4.043333333,55.27666667,22.22333333,12.2225,0.2775,10.55583333,1.5275,87.63916667,10.27833333,9.06,2.798333333,2004,-119.6029,34.04387,19.2,15.47,8,5.575708,Island,0,4283236.613,103,16.17,15.708,15.7625,0.40775,0.448333333,0.577166667,202.4952452,596.8257782,No,No,Yes,Test,Test,No,Yes
103_2008,5.833333333,3.888333333,71.665,17.22166667,8.889166667,0.2775,21.11166667,8.055,70.55583333,2.221666667,0,1.666666667,2008,-119.6029,34.04387,19.2,15.47,8,5.575708,Island,0,4283236.613,103,15.132,14.97,15.654,-0.686166667,-0.34275,0.301166667,465.6675193,510.6418485,No,No,Yes,Test,Val,No,Yes
103_2011,8.565833333,3.611666667,61.3875,34.7225,1.11,1.110833333,31.11,6.665833333,61.11166667,2.7775,0,0.2775,2011,-119.6029,34.04387,19.2,15.47,8,5.575708,Island,0,4283236.613,103,15.084,14.472,15.744,-0.92675,-0.43375,0.39075,162.1459364,152.6976326,No,No,Yes,Test,Test,No,Yes
103_2012,5.278333333,3.054166667,76.38833333,16.66583333,3.888333333,0,25.83333333,6.665833333,67.50083333,3.055,0,0,2012,-119.6029,34.04387,19.2,15.47,8,5.575708,Island,0,4283236.613,103,15.54,15.084,14.472,0.142833333,-0.92675,-0.43375,91.05772947,162.1459364,No,No,Yes,Test,Test,No,Yes
104_2004,1.116666667,23.9475,54.30666667,5,1.6675,75.00333333,2.639166667,0,119.72,39.02833333,5.424166667,5.013333333,2004,-119.91427,34.05358,16.2,14.92,2,1.948709,Island,0,4758959.508,104,15.528,14.994,14.64,0.40775,0.448333333,0.577166667,202.4952452,596.8257782,Yes,Yes,Yes,Test,Cal,Yes,No
104_2008,0.2775,9.166666667,73.055,8.888333333,6.110833333,14.44416667,10.27666667,2.5,72.7775,11.945,0,0,2008,-119.91427,34.05358,16.2,14.92,2,1.948709,Island,0,4758959.508,104,14.688,14.958,15.414,-0.686166667,-0.34275,0.301166667,465.6675193,510.6418485,Yes,Yes,Yes,Cal,Test,No,Yes
104_2011,3.3325,8.609166667,71.11083333,13.055,11.11166667,8.3325,8.889166667,8.889166667,73.89,4.721666667,0,1.665833333,2011,-119.91427,34.05358,16.2,14.92,2,1.948709,Island,0,4758959.508,104,14.592,13.758,15.06,-0.92675,-0.43375,0.39075,162.1459364,152.6976326,Yes,Yes,Yes,Test,Test,Yes,Yes
104_2012,3.056666667,4.7225,91.11083333,5.276666667,2.776666667,6.388333333,4.445,1.944166667,87.2225,0.833333333,0,0.555833333,2012,-119.91427,34.05358,16.2,14.92,2,1.948709,Island,0,4758959.508,104,15.066,14.592,13.758,0.142833333,-0.92675,-0.43375,91.05772947,162.1459364,Yes,Yes,Yes,Test,Test,Yes,Yes
105_2004,0.416666667,5.05,82.9225,9.861666667,3.055833333,1.528333333,16.2475,11.05666667,71.16666667,4.16,8.175833333,1.250833333,2004,-119.82489,33.94833,22,15.65,0,6.947967,Island,0,567020.5683,105,16.392,15.708,15.516,0.40775,0.448333333,0.577166667,202.4952452,596.8257782,Yes,Yes,Yes,Test,Test,Yes,Yes
105_2008,1.388333333,1.110833333,88.05583333,1.110833333,5.833333333,0,19.16583333,24.445,56.38916667,5.000833333,0,0,2008,-119.82489,33.94833,22,15.65,0,6.947967,Island,0,567020.5683,105,15.744,15.324,16.254,-0.686166667,-0.34275,0.301166667,465.6675193,510.6418485,Yes,Yes,Yes,Cal,Test,No,Yes
105_2011,5.2775,0.2775,85.27833333,8.333333333,5.833333333,1.388333333,14.99916667,20.2775,63.33333333,0.555833333,0,1.666666667,2011,-119.82489,33.94833,22,15.65,0,6.947967,Island,0,567020.5683,105,15.27,14.448,15.786,-0.92675,-0.43375,0.39075,162.1459364,152.6976326,Yes,Yes,Yes,Test,Cal,Yes,No
105_2012,10.27666667,1.944166667,83.33416667,10.8325,3.055833333,1.944166667,16.11,11.11166667,70.83333333,2.7775,0,0.555,2012,-119.82489,33.94833,22,15.65,0,6.947967,Island,0,567020.5683,105,15.828,15.27,14.448,0.142833333,-0.92675,-0.43375,91.05772947,162.1459364,Yes,Yes,Yes,Test,Test,Yes,Yes
106_2004,7.088333333,7.658333333,59.58416667,22.22166667,5.695,7.7775,12.7775,6.665833333,72.77666667,12.5,13.045,1.546666667,2004,-119.82174,34.05645,16.8,15.21,2,12.954046,Island,0,13640826.26,106,15.828,15.426,15.06,0.40775,0.448333333,0.577166667,202.4952452,596.8257782,Yes,Yes,Yes,Test,Test,Yes,Yes
106_2008,1.110833333,2.2225,73.88916667,13.055,5.555833333,2.499166667,23.05416667,28.055,46.38916667,7.499166667,0.2775,0.555,2008,-119.82174,34.05645,16.8,15.21,2,12.954046,Island,0,13640826.26,106,15.114,14.706,15.564,-0.686166667,-0.34275,0.301166667,465.6675193,510.6418485,Yes,Yes,Yes,Test,Test,Yes,Yes
106_2011,4.731666667,3.3425,67.71083333,18.08416667,7.2325,1.944166667,16.1125,14.44416667,67.5,6.9725,0,3.898333333,2011,-119.82174,34.05645,16.8,15.21,2,12.954046,Island,0,13640826.26,106,14.94,14.268,15.3,-0.92675,-0.43375,0.39075,162.1459364,152.6976326,Yes,Yes,Yes,Test,Test,Yes,Yes
106_2012,2.778333333,5,75.2775,12.49916667,2.5,6.389166667,14.445,19.16666667,60,9.7225,0,1.944166667,2012,-119.82174,34.05645,16.8,15.21,2,12.954046,Island,0,13640826.26,106,15.228,14.94,14.268,0.142833333,-0.92675,-0.43375,91.05772947,162.1459364,Yes,Yes,Yes,Val,Cal,Yes,No
107_2008,12.52833333,5.003333333,69.51416667,16.50916667,7.811666667,9.305833333,23.195,0.9725,66.5275,6.1625,0,5.608333333,2008,-119.53573,34.0434,16.8,15.6,6,23.969039,Island,0,4283236.613,107,15.246,15.318,16.146,-0.686166667,-0.34275,0.301166667,465.6675193,510.6418485,No,Yes,No,Test,Test,No,No
108_2004,1.261666667,2.801666667,66.11083333,17.91666667,7.5,3.471666667,20.8325,9.166666667,66.52833333,8.473333333,0,1.135833333,2004,-119.87009,34.07297,18.3,15.02,2,22.616458,Island,0,13640826.26,108,15.594,15.174,14.706,0.40775,0.448333333,0.577166667,202.4952452,596.8257782,Yes,Yes,Yes,Test,Cal,Yes,No
108_2008,1.388333333,1.110833333,87.50083333,3.888333333,5.554166667,0,26.11083333,29.16666667,44.7225,3.055,0,5.555,2008,-119.87009,34.07297,18.3,15.02,2,22.616458,Island,0,13640826.26,108,14.634,14.688,15.642,-0.686166667,-0.34275,0.301166667,465.6675193,510.6418485,Yes,Yes,Yes,Test,Test,Yes,Yes
108_2011,3.611666667,1.11,72.2225,17.2225,9.7225,3.055833333,20,39.99916667,36.94416667,0.833333333,0,4.166666667,2011,-119.87009,34.07297,18.3,15.02,2,22.616458,Island,0,13640826.26,108,14.694,14.034,15.246,-0.92675,-0.43375,0.39075,162.1459364,152.6976326,Yes,Yes,Yes,Cal,Test,No,Yes
108_2012,2.776666667,1.111666667,65,14.72166667,17.7775,6.110833333,22.50083333,18.61,52.7775,2.5,0,6.945,2012,-119.87009,34.07297,18.3,15.02,2,22.616458,Island,0,13640826.26,108,15.228,14.694,14.034,0.142833333,-0.92675,-0.43375,91.05772947,162.1459364,Yes,Yes,Yes,Test,Test,Yes,Yes
109_2004,12.5125,7.096666667,64.44333333,16.80666667,10.4175,2.915833333,22.36,11.94416667,62.7775,8.333333333,0.2975,5.603333333,2004,-119.69668,34.03166,17.1,15.52,2,17.748345,Island,0,13640826.26,109,16.002,15.834,15.456,0.40775,0.448333333,0.577166667,202.4952452,596.8257782,Yes,Yes,Yes,Test,Cal,Yes,No
109_2008,11.66666667,5.890833333,60.08,13.33416667,17.42,7.776666667,23.8875,0.833333333,67.50083333,9.166666667,0.2775,6.398333333,2008,-119.69668,34.03166,17.1,15.52,2,17.748345,Island,0,13640826.26,109,15.204,14.952,15.762,-0.686166667,-0.34275,0.301166667,465.6675193,510.6418485,Yes,Yes,Yes,Test,Test,Yes,Yes
109_2011,2.776666667,4.991666667,54.53083333,25.92083333,6.436666667,0.833333333,15.555,21.66666667,61.945,13.1125,0,5,2011,-119.69668,34.03166,17.1,15.52,2,17.748345,Island,0,13640826.26,109,15.06,14.616,15.534,-0.92675,-0.43375,0.39075,162.1459364,152.6976326,Yes,Yes,Yes,Cal,Test,No,Yes
109_2012,12.77666667,3.8875,60.555,20.83333333,6.666666667,1.388333333,24.7225,19.44416667,54.445,11.94333333,0,7.220833333,2012,-119.69668,34.03166,17.1,15.52,2,17.748345,Island,0,13640826.26,109,15.672,15.06,14.616,0.142833333,-0.92675,-0.43375,91.05772947,162.1459364,Yes,Yes,Yes,Test,Test,Yes,Yes
11_2004,0,36.665,5,46.665,6.67,81.665,0,0,18.335,41.665,0,3.33,2004,-117.48751,33.2924,16.4,17.52,1,0.654564,Mainland,6.416346,3791578.299,11,18.336,17.466,17.382,0.40775,0.448333333,0.577166667,202.4952452,596.8257782,No,No,No,Test,Test,No,No
11_2008,18.53666667,57.47833333,28.21166667,19.335,23.58666667,48.96,0,0,51.04,28.86833333,0,0,2008,-117.48751,33.2924,16.4,17.52,1,0.654564,Mainland,6.416346,3791578.299,11,16.836,17.664,17.838,-0.686166667,-0.34275,0.301166667,465.6675193,510.6418485,No,No,No,Test,Test,No,No
110_2008,23.33666667,0.829166667,61.11,17.36083333,20.695,6.805833333,14.86166667,13.4725,64.86083333,0.834166667,0,0,2008,-119.57588,34.05098,15.9,15.52,7,6.202004,Island,0,4283236.613,110,15.444,15.168,16.11,-0.686166667,-0.34275,0.301166667,465.6675193,510.6418485,No,Yes,No,Test,Test,No,No
111_2008,16.77833333,9.546666667,79.58333333,2.9175,8.333333333,5.833333333,21.38833333,9.444166667,63.33416667,9.1675,0,0.685,2008,-119.5253,34.03837,14.3,15.59,7,9.655286,Island,0,4283236.613,111,15.162,15.288,16.254,-0.686166667,-0.34275,0.301166667,465.6675193,510.6418485,No,Yes,No,Test,Test,No,No
112_2004,4.0475,7.151666667,64.72333333,11.66666667,1.665833333,7.776666667,8.750833333,16.5275,66.945,21.945,4.166666667,11.535,2004,-119.55051,34.05032,20.4,15.62,6,4.686159,Island,0,4283236.613,112,16.104,15.6,15.58125,0.40775,0.448333333,0.577166667,202.4952452,596.8257782,No,No,Yes,Test,Test,No,Yes
112_2008,1.481111111,12.22166667,65.55555556,18.51833333,1.481111111,8.519444444,16.65222222,29.05944444,45.76833333,14.44388889,0,1.295555556,2008,-119.55051,34.05032,20.4,15.62,6,4.686159,Island,0,4283236.613,112,15.738,15.276,16.044,-0.686166667,-0.34275,0.301166667,465.6675193,510.6418485,No,No,Yes,Test,Cal,No,No
115_2012,2.220833333,7.5,95,2.221666667,1.666666667,12.50083333,6.944166667,5.278333333,75.2775,1.110833333,0,1.110833333,2012,-120.33518,34.01647,18,14.15,4,2.933699,Island,0,28469275.62,115,14.25,13.986,13.218,0.142833333,-0.92675,-0.43375,91.05772947,162.1459364,No,Yes,Yes,Test,Test,No,Yes
116_2004,4.585,4.029166667,79.58416667,6.388333333,7.3625,13.055,9.444166667,0,77.5,6.666666667,2.083333333,3.055,2004,-120.35042,34.05405,18.3,14.14,4,1.483746,Island,0,5879526.122,116,14.508,14.418,14.148,0.40775,0.448333333,0.577166667,202.4952452,596.8257782,No,Yes,Yes,Test,Test,No,Yes
116_2008,5.8325,4.7225,87.7775,1.388333333,9.445,0.555833333,13.88916667,18.33333333,67.22333333,1.389166667,0,0.2775,2008,-120.35042,34.05405,18.3,14.14,4,1.483746,Island,0,5879526.122,116,14.16,13.668,14.586,-0.686166667,-0.34275,0.301166667,465.6675193,510.6418485,No,Yes,Yes,Test,Test,No,Yes
116_2011,8.084166667,5.555833333,75.2775,15.555,5.555833333,16.11083333,1.111666667,4.445,78.3325,3.610833333,0,0.833333333,2011,-120.35042,34.05405,18.3,14.14,4,1.483746,Island,0,5879526.122,116,13.986,13.116,14.178,-0.92675,-0.43375,0.39075,162.1459364,152.6976326,No,Yes,Yes,Test,Test,No,Yes
116_2012,4.166666667,5.555,72.7775,11.38916667,13.61,8.333333333,10.8325,6.110833333,74.7225,2.2225,0,1.110833333,2012,-120.35042,34.05405,18.3,14.14,4,1.483746,Island,0,5879526.122,116,14.256,13.986,13.116,0.142833333,-0.92675,-0.43375,91.05772947,162.1459364,No,Yes,Yes,Test,Cal,No,No
133_2012,1.388333333,5.833333333,81.39,5,7.7775,5.8325,9.7225,3.333333333,81.11083333,5.833333333,0,0.8325,2012,-120.10359,33.89726,20.4,15.13,6,2.505167,Island,0,30264869.92,133,15.708,14.658,13.806,0.142833333,-0.92675,-0.43375,91.05772947,162.1459364,No,No,No,Test,Test,No,No
134_2004,0,7.2225,45.5325,7.2175,30.04916667,63.61,9.721666667,4.721666667,21.945,17.19916667,0,4.7225,2004,-120.0677,33.90769,16.2,15.37,7,1.317311,Island,0,30264869.92,134,15.924,15.63,15.48,0.40775,0.448333333,0.577166667,202.4952452,596.8257782,No,No,No,Test,Test,No,No
134_2008,7.619166667,25.56666667,76.5275,0,0.416666667,47.91666667,0.416666667,0,51.66666667,23.05666667,0,0,2008,-120.0677,33.90769,16.2,15.37,7,1.317311,Island,0,30264869.92,134,14.904,14.934,16.122,-0.686166667,-0.34275,0.301166667,465.6675193,510.6418485,No,No,No,Test,Test,No,No
135_2008,14.43833333,26.655,56.1125,2.776666667,10.55666667,24.0275,1.389166667,0,74.58333333,30.55416667,0,1.519166667,2008,-120.01325,33.98455,18.6,14.61,3,1.139546,Island,0,0,135,14.28,14.244,14.778,-0.686166667,-0.34275,0.301166667,465.6675193,510.6418485,No,No,No,Test,Test,No,No
136_2004,0.2775,0,35.2775,4.998333333,54.1675,80.555,0,0,19.445,5.555,0.2775,14.30416667,2004,-120.11136,34.03123,18.6,14.49,1,1.24551,Island,0,52837336.78,136,14.97,14.82,14.58,0.40775,0.448333333,0.577166667,202.4952452,596.8257782,No,No,No,Test,Test,No,No
136_2008,3.610833333,0.833333333,90.41583333,1.25,7.5,33.05583333,0,0,66.94416667,0.833333333,0,0.2775,2008,-120.11136,34.03123,18.6,14.49,1,1.24551,Island,0,52837336.78,136,13.812,14.148,15.006,-0.686166667,-0.34275,0.301166667,465.6675193,510.6418485,No,No,No,Test,Test,No,No
137_2008,0.555833333,13.89916667,74.44416667,0,0,15.00083333,5.833333333,1.665833333,77.50083333,25.55583333,0,0,2008,-120.12148,33.89344,18.3,15.05,6,5.7086,Island,0,30264869.92,137,14.706,14.79,15.564,-0.686166667,-0.34275,0.301166667,465.6675193,510.6418485,No,No,No,Test,Test,No,No
137_2011,0,10.2775,87.7775,1.388333333,0.555833333,11.39,15,1.110833333,72.49916667,10.27833333,0,0.2775,2011,-120.12148,33.89344,18.3,15.05,6,5.7086,Island,0,30264869.92,137,14.682,14.154,15.174,-0.92675,-0.43375,0.39075,162.1459364,152.6976326,No,No,No,Test,Test,No,No
137_2012,0.2775,12.5,85.2775,0,0,11.94416667,7.221666667,6.388333333,74.44333333,14.7225,0,0.555,2012,-120.12148,33.89344,18.3,15.05,6,5.7086,Island,0,30264869.92,137,15.276,14.682,14.154,0.142833333,-0.92675,-0.43375,91.05772947,162.1459364,No,No,No,Test,Test,No,No
138_2012,4.84,13.44,88.17333333,1.615,6.453333333,18.81833333,3.226666667,0,77.95666667,3.763333333,8.065,1.075,2012,-117.30134,33.03574,17.7,17.68,5,2.7355,Mainland,6.416346,14481615.69,138,17.886,17.088,16.71,0.142833333,-0.92675,-0.43375,91.05772947,162.1459364,No,No,No,Test,Test,No,No
139_2012,1.613333333,6.99,87.63333333,1.076666667,2.69,16.665,18.28,6.99,58.06666667,8.603333333,0,2.151666667,2012,-118.41655,33.75144,15.2,16.79,14,3.503705,Mainland,0,6682109.511,139,16.878,16.506,15.582,0.142833333,-0.92675,-0.43375,91.05772947,162.1459364,No,No,No,Test,Test,No,No
14_2011,2.69,4.3,72.04333333,9.14,8.601666667,43.01,8.601666667,1.075,47.31333333,10.21333333,2.688333333,9.14,2011,-118.35317,33.72465,14,16.79,15,3.415384,Mainland,0,2146056.919,14,16.41,15.468,17.136,-0.92675,-0.43375,0.39075,162.1459364,152.6976326,No,No,No,Test,Test,No,No
14_2012,3.226666667,16.13,80.10666667,6.451666667,4.838333333,11.29,12.90333333,0.538333333,75.26833333,8.601666667,0,2.688333333,2012,-118.35317,33.72465,14,16.79,15,3.415384,Mainland,0,2146056.919,14,16.842,16.41,15.468,0.142833333,-0.92675,-0.43375,91.05772947,162.1459364,No,No,No,Test,Test,No,No
140_2008,17.20333333,4.838333333,48.92333333,28.495,17.74333333,44.085,2.688333333,0,53.22666667,4.838333333,0,1.613333333,2008,-118.32486,33.71531,17.7,16.77,8,2.097026,Mainland,0,2146056.919,140,16.806,16.692,17.076,-0.686166667,-0.34275,0.301166667,465.6675193,510.6418485,No,No,No,Test,Test,No,No
140_2011,2.69,8.063333333,39.24833333,19.355,6.99,9.676666667,9.141666667,5.376666667,75.805,34.40833333,0,2.151666667,2011,-118.32486,33.71531,17.7,16.77,8,2.097026,Mainland,0,2146056.919,140,16.296,15.396,17.31,-0.92675,-0.43375,0.39075,162.1459364,152.6976326,No,No,No,Test,Test,No,No
140_2012,6.988333333,6.453333333,86.55833333,5.375,8.065,3.226666667,3.225,1.075,92.47333333,0,0,0,2012,-118.32486,33.71531,17.7,16.77,8,2.097026,Mainland,0,2146056.919,140,16.632,16.296,15.396,0.142833333,-0.92675,-0.43375,91.05772947,162.1459364,No,No,No,Test,Test,No,No
15_2011,13.71,10.485,75.805,16.13,0.8075,37.905,3.2275,0,58.8675,7.2575,0,2.42,2011,-117.24424,32.66371,15,16.86,3,1.278192,Mainland,4.992243,22964350.7,15,16.014,16.068,17.004,-0.92675,-0.43375,0.39075,162.1459364,152.6976326,No,No,No,Test,Test,No,No
15_2012,19.35333333,1.613333333,72.58,6.988333333,16.13,2.151666667,6.99,0,90.86,4.301666667,0,0,2012,-117.24424,32.66371,15,16.86,3,1.278192,Mainland,4.992243,22964350.7,15,16.92,16.014,16.068,0.142833333,-0.92675,-0.43375,91.05772947,162.1459364,No,No,No,Test,Test,No,No
16_2004,0.833333333,35,41.66583333,5.2775,18.3325,81.1125,2.7775,0.2775,15.8325,34.72333333,0.2775,0.833333333,2004,-117.27813,32.9954,18,17.68,4,1.616675,Mainland,6.416346,14481615.69,16,18.312,17.658,17.352,0.40775,0.448333333,0.577166667,202.4952452,596.8257782,No,No,No,Test,Test,No,No
17_2004,1.388333333,16.11083333,63.61166667,0,8.333333333,85.27833333,0,0,14.72166667,28.055,0,1.666666667,2004,-117.33693,33.12792,16.5,17.62,2,2.097486,Mainland,6.416346,5062105.693,17,18.366,17.892,17.094,0.40775,0.448333333,0.577166667,202.4952452,596.8257782,No,No,No,Test,Test,No,No
18_2008,0,41.935,0,16.13,25.805,90.325,0,0,9.675,58.06,3.225,6.455,2008,-119.60512,34.41762,5.4,15.72,2,1.337092,Mainland,8.842744,4722470.55,18,15.672,15.348,15.846,-0.686166667,-0.34275,0.301166667,465.6675193,510.6418485,No,No,No,Test,Test,No,No
19_2011,0.538333333,36.02166667,66.13,6.451666667,1.613333333,66.66833333,3.226666667,0.538333333,29.56833333,25.80666667,0,0,2011,-117.27829,32.85167,16.5,17.75,3,2.361812,Mainland,6.416346,11365196.24,19,17.04,17.214,18.066,-0.92675,-0.43375,0.39075,162.1459364,152.6976326,Yes,Yes,Yes,Test,Test,Yes,Yes
19_2012,3.226666667,15.59333333,56.98833333,27.42,7.525,4.301666667,1.613333333,0,94.085,8.065,0,2.15,2012,-117.27829,32.85167,16.5,17.75,3,2.361812,Mainland,6.416346,11365196.24,19,17.814,17.04,17.214,0.142833333,-0.92675,-0.43375,91.05772947,162.1459364,Yes,Yes,Yes,Cal,Cal,No,No
2_2011,8.065,3.2275,88.7075,9.6775,1.615,4.0325,15.3225,9.6775,70.97,0,0,0,2011,-118.38789,33.73922,9.5,16.84,15,5.317345,Mainland,0,6682109.511,2,16.362,15.186,17.298,-0.92675,-0.43375,0.39075,162.1459364,152.6976326,No,No,No,Test,Test,No,No
2_2012,7.2575,25,68.55,2.42,3.2275,40.325,12.9025,1.6125,45.1625,25.8075,2.42,2.42,2012,-118.38789,33.73922,9.5,16.84,15,5.317345,Mainland,0,6682109.511,2,16.782,16.362,15.186,0.142833333,-0.92675,-0.43375,91.05772947,162.1459364,No,No,No,Test,Test,No,No
20_2004,26.80583333,6.250833333,60.9725,2.9175,21.52916667,55.4175,0.139166667,0,44.44416667,14.58333333,8.194166667,1.113333333,2004,-120.41927,34.44435,18.6,14.79,2,2.06406,Mainland,8.842744,37664407.28,20,15.744,15.168,14.754,0.40775,0.448333333,0.577166667,202.4952452,596.8257782,No,No,No,Test,Test,No,No
20_2008,48.8875,6.666666667,75.555,0,18.055,75.83583333,0,0,24.16416667,6.388333333,0,0,2008,-120.41927,34.44435,18.6,14.79,2,2.06406,Mainland,8.842744,37664407.28,20,14.586,14.592,14.922,-0.686166667,-0.34275,0.301166667,465.6675193,510.6418485,No,No,No,Test,Test,No,No
20_2011,35.55583333,4.999166667,81.945,2.498333333,15.2775,47.89666667,0,0,52.10333333,0.2775,0.555833333,1.388333333,2011,-120.41927,34.44435,18.6,14.79,2,2.06406,Mainland,8.842744,37664407.28,20,14.214,13.5,14.946,-0.92675,-0.43375,0.39075,162.1459364,152.6976326,No,No,No,Test,Test,No,No
20_2012,26.9425,8.333333333,68.055,3.055,25.83333333,58.055,0,0,41.945,3.055,0,3.610833333,2012,-120.41927,34.44435,18.6,14.79,2,2.06406,Mainland,8.842744,37664407.28,20,14.772,14.214,13.5,0.142833333,-0.92675,-0.43375,91.05772947,162.1459364,No,No,No,Test,Test,No,No
21_2008,0.8625,32.4575,54.635,1.64,1.64,81.22,3.3975,0,15.38,42.0875,0,0,2008,-117.8377,33.56275,17,17.22,3,3.745714,Mainland,1.123966,546265.0035,21,16.974,17.214,17.352,-0.686166667,-0.34275,0.301166667,465.6675193,510.6418485,No,No,No,Test,Test,No,No
21_2011,8.065,22.57833333,73.65666667,3.228333333,10.75333333,26.34333333,13.97833333,4.301666667,55.37666667,12.365,0,3.226666667,2011,-117.8377,33.56275,17,17.22,3,3.745714,Mainland,1.123966,546265.0035,21,16.878,15.846,17.346,-0.92675,-0.43375,0.39075,162.1459364,152.6976326,No,No,No,Test,Test,No,No
21_2012,1.076666667,13.44166667,81.18333333,10.215,0,1.075,14.51666667,2.688333333,81.72,8.601666667,0,2.153333333,2012,-117.8377,33.56275,17,17.22,3,3.745714,Mainland,1.123966,546265.0035,21,17.376,16.878,15.846,0.142833333,-0.92675,-0.43375,91.05772947,162.1459364,No,No,No,Test,Test,No,No
22_2004,1.944166667,34.7225,36.11166667,19.44416667,12.50083333,75.9725,1.666666667,0,22.36083333,31.945,0,1.944166667,2004,-117.72145,33.4616,18.9,17.37,1,1.740954,Mainland,1.123966,3558876.31,22,18.138,17.58,17.046,0.40775,0.448333333,0.577166667,202.4952452,596.8257782,No,No,No,Test,Test,No,No
22_2011,5.645,22.58,37.9025,21.775,17.7425,20.9675,16.9375,1.6125,60.485,22.5825,1.6125,0,2011,-117.72145,33.4616,18.9,17.37,1,1.740954,Mainland,1.123966,3558876.31,22,16.77,16.212,17.586,-0.92675,-0.43375,0.39075,162.1459364,152.6976326,No,No,No,Test,Test,No,No
22_2012,9.141666667,16.12666667,75.27,7.528333333,13.97833333,2.15,13.97833333,0,83.87166667,3.226666667,0,0,2012,-117.72145,33.4616,18.9,17.37,1,1.740954,Mainland,1.123966,3558876.31,22,17.406,16.77,16.212,0.142833333,-0.92675,-0.43375,91.05772947,162.1459364,No,No,No,Test,Test,No,No
23_2008,0,5.6475,64.515,17.74,4.0325,90.32,0,0,9.68,13.7075,0,10.485,2008,-118.9592,34.04522,15,15.81,3,2.165112,Mainland,6.537561,1630245.686,23,15.654,15.384,16.326,-0.686166667,-0.34275,0.301166667,465.6675193,510.6418485,Yes,Yes,Yes,Cal,Test,No,Yes
23_2011,5.555,5.555,81.66666667,11.11,0.555,2.776666667,15,5,77.22166667,6.666666667,0,0.555,2011,-118.9592,34.04522,15,15.81,3,2.165112,Mainland,6.537561,1630245.686,23,15.036,14.88,15.996,-0.92675,-0.43375,0.39075,162.1459364,152.6976326,Yes,Yes,Yes,Test,Test,Yes,Yes
23_2012,0,21.11166667,69.445,2.223333333,1.111666667,3.888333333,4.445,10,81.66833333,27.22166667,0,1.111666667,2012,-118.9592,34.04522,15,15.81,3,2.165112,Mainland,6.537561,1630245.686,23,15.972,15.036,14.88,0.142833333,-0.92675,-0.43375,91.05772947,162.1459364,Yes,Yes,Yes,Test,Cal,Yes,No
24_2011,1.11,10.55333333,52.77833333,32.22166667,0.555,16.11166667,3.333333333,0,80.55333333,14.445,0,2.221666667,2011,-118.87098,34.03505,12.8,16.13,6,2.690709,Mainland,6.537561,3627538.126,24,15.738,14.976,16.284,-0.92675,-0.43375,0.39075,162.1459364,152.6976326,Yes,Yes,Yes,Cal,Test,No,Yes
24_2012,2.221666667,19.44333333,76.11333333,7.221666667,0,3.888333333,5,0,91.11166667,16.665,0,0,2012,-118.87098,34.03505,12.8,16.13,6,2.690709,Mainland,6.537561,3627538.126,24,16.2,15.738,14.976,0.142833333,-0.92675,-0.43375,91.05772947,162.1459364,Yes,Yes,Yes,Test,Cal,Yes,No
25_2004,2.499166667,16.94416667,64.16666667,11.38916667,8.333333333,75.27666667,1.666666667,0.555833333,22.5,16.11166667,0,0.2775,2004,-117.29655,33.03408,18.9,17.67,5,2.512541,Mainland,6.416346,14481615.69,25,18.264,17.67,17.322,0.40775,0.448333333,0.577166667,202.4952452,596.8257782,No,No,No,Test,Test,No,No
26_2008,4.84,4.0325,20.16,13.71,26.615,32.26,0,0,67.74,39.52,12.095,9.6775,2008,-118.77356,34.02029,10.8,16.29,4,1.830385,Mainland,6.537561,605988.5549,26,16.218,15.996,16.818,-0.686166667,-0.34275,0.301166667,465.6675193,510.6418485,No,No,No,Test,Test,No,No
27_2008,8.605,25.80666667,0.538333333,31.72,39.78666667,51.61333333,0.538333333,0,47.85,27.95833333,0,0.538333333,2008,-118.40779,33.80147,16,16.97,12,2.224938,Mainland,6.537561,6682109.511,27,16.758,16.974,17.388,-0.686166667,-0.34275,0.301166667,465.6675193,510.6418485,No,No,No,Test,Test,No,No
28_2011,6.8675,3.28,64.13875,17.90375,8.92375,15.41625,8.46875,2.01625,74.1,9.0325,2.86375,2.03,2011,-118.41657,33.74662,26,16.8,14,4.108858,Mainland,0,6682109.511,28,16.5,15.516,17.082,-0.92675,-0.43375,0.39075,162.1459364,152.6976326,No,No,No,Test,Test,No,No
28_2012,1.61375,5.64625,76.21,11.29,5.2425,20.16125,10.08125,6.855,62.90375,7.25875,1.21,2.0175,2012,-118.41657,33.74662,26,16.8,14,4.108858,Mainland,0,6682109.511,28,16.776,16.5,15.516,0.142833333,-0.92675,-0.43375,91.05772947,162.1459364,No,No,No,Test,Test,No,No
29_2008,0,15.24833333,41.13166667,15.49833333,4.713333333,69.51833333,1.705,0,28.775,38.66166667,0,0,2008,-117.79189,33.54039,16,17.43,3,3.915797,Mainland,1.123966,1050653.913,29,17.034,17.352,17.508,-0.686166667,-0.34275,0.301166667,465.6675193,510.6418485,Yes,No,Yes,Cal,Cal,No,No
29_2012,3.765,7.528333333,65.59166667,15.055,11.82833333,0.538333333,12.905,6.451666667,80.10666667,7.526666667,0,3.228333333,2012,-117.79189,33.54039,16,17.43,3,3.915797,Mainland,1.123966,1050653.913,29,17.598,17.1,16.062,0.142833333,-0.92675,-0.43375,91.05772947,162.1459364,Yes,No,Yes,Test,Test,Yes,Yes
3_2008,16.06083333,7.5225,87.7775,1.250833333,3.888333333,11.96,7.084166667,0,80.95583333,7.084166667,0,0.278333333,2008,-119.4241,34.0035,16.8,15.94,6,8.00005,Island,0,1541980.247,3,16.158,15.54,16.344,-0.686166667,-0.34275,0.301166667,465.6675193,510.6418485,No,No,No,Test,Test,No,No
30_2008,0,0,33.875,53.225,12.905,19.355,4.84,0,75.805,0,0,3.23,2008,-118.2136,33.6722,23,16.67,2,0.204216,Mainland,12.661392,11310181.91,30,16.548,16.368,17.142,-0.686166667,-0.34275,0.301166667,465.6675193,510.6418485,No,No,No,Test,Test,No,No
31_2008,9.68,3.225,40.32,19.35,37.095,43.55,16.13,12.905,27.42,3.225,0,1.615,2008,-118.22238,33.67538,23,16.66,2,0.285668,Mainland,12.661392,11310181.91,31,16.482,16.296,17.19,-0.686166667,-0.34275,0.301166667,465.6675193,510.6418485,No,No,No,Test,Test,No,No
32_2011,18.2625,4.139166667,68.33333333,20.83416667,7.2225,18.055,1.944166667,0,80.00083333,3.610833333,0,2.759166667,2011,-119.55003,34.39166,13.8,15.83,1,1.160599,Mainland,8.842744,1971709.302,32,15.924,15.114,16.002,-0.92675,-0.43375,0.39075,162.1459364,152.6976326,No,No,No,Test,Test,No,No
32_2012,14.16583333,5.833333333,46.38833333,27.2225,22.22166667,12.22166667,5,0,82.77833333,4.165833333,3.889166667,5,2012,-119.55003,34.39166,13.8,15.83,1,1.160599,Mainland,8.842744,1971709.302,32,16.14,15.924,15.114,0.142833333,-0.92675,-0.43375,91.05772947,162.1459364,No,No,No,Test,Test,No,No
33_2011,30.6725,5.779166667,75.83416667,4.720833333,17.77833333,31.66666667,1.110833333,0,67.22166667,1.666666667,0,3.315,2011,-119.86915,34.40401,14.6,15.6,1,2.523415,Mainland,8.842744,2272676.7,33,15.33,14.436,15.726,-0.92675,-0.43375,0.39075,162.1459364,152.6976326,Yes,Yes,Yes,Test,Val,Yes,Yes
33_2012,20.00083333,2.5,56.11166667,18.89,23.61166667,30.83333333,6.666666667,0.2775,62.22166667,1.389166667,6.389166667,2.499166667,2012,-119.86915,34.40401,14.6,15.6,1,2.523415,Mainland,8.842744,2272676.7,33,15.738,15.33,14.436,0.142833333,-0.92675,-0.43375,91.05772947,162.1459364,Yes,Yes,Yes,Val,Test,Yes,Yes
34_2004,13.15333333,9.580833333,77.22166667,1.388333333,7.64,27.91583333,0.416666667,0,71.6675,13.74916667,0.834166667,0.139166667,2004,-120.49526,34.48539,21.1,14.16,1,2.14743,Mainland,8.842744,0,34,14.76,14.532,14.13,0.40775,0.448333333,0.577166667,202.4952452,596.8257782,No,No,No,Test,Test,No,No
34_2008,13.05666667,25,60.83416667,1.389166667,7.7775,67.5,0,0,32.5,30,0,0,2008,-120.49526,34.48539,21.1,14.16,1,2.14743,Mainland,8.842744,0,34,13.17,13.782,14.61,-0.686166667,-0.34275,0.301166667,465.6675193,510.6418485,No,No,No,Test,Test,No,No
34_2011,21.38916667,6.943333333,80.2775,1.110833333,13.61083333,41.3875,5.2775,0,53.335,4.999166667,0,0.555,2011,-120.49526,34.48539,21.1,14.16,1,2.14743,Mainland,8.842744,0,34,13.932,12.858,14.568,-0.92675,-0.43375,0.39075,162.1459364,152.6976326,No,No,No,Test,Test,No,No
117_2004,3.54125,3.33375,77.499375,8.541875,8.021875,7.16375,11.145,10.803125,70.886875,5.936875,0.105625,3.328125,2004,-120.35069,34.05986,15.9,14.13,4,2.604371,Island,0,5879526.122,117,14.508,14.418,14.136,0.40775,0.448333333,0.577166667,202.4952452,596.8257782,No,Yes,Yes,Test,Test,No,Yes
117_2008,6.3975,3.630833333,92.5,2.778333333,2.221666667,0.2775,19.58416667,13.055,67.08333333,2.5,0,1.388333333,2008,-120.35069,34.05986,15.9,14.13,4,2.604371,Island,0,5879526.122,117,14.058,13.668,14.586,-0.686166667,-0.34275,0.301166667,465.6675193,510.6418485,No,Yes,Yes,Test,Test,No,Yes
117_2011,4.999166667,0,77.7775,14.44416667,7.221666667,0.2775,12.77833333,5.555,81.38916667,0.555833333,0,1.110833333,2011,-120.35069,34.05986,15.9,14.13,4,2.604371,Island,0,5879526.122,117,13.992,13.122,14.178,-0.92675,-0.43375,0.39075,162.1459364,152.6976326,No,Yes,Yes,Test,Cal,No,No
117_2012,1.111666667,0.555,77.2225,16.94416667,5.555,1.943333333,22.50083333,9.721666667,65.83416667,0.2775,0,2.221666667,2012,-120.35069,34.05986,15.9,14.13,4,2.604371,Island,0,5879526.122,117,14.256,13.992,13.122,0.142833333,-0.92675,-0.43375,91.05772947,162.1459364,No,Yes,Yes,Test,Test,No,Yes
118_2004,4.860833333,2.2225,79.72333333,9.305833333,4.723333333,5.693333333,7.360833333,0.139166667,86.80666667,6.25,0.833333333,2.0825,2004,-120.40928,34.02714,17.4,13.81,4,2.71031,Island,0,28469275.62,118,14.118,14.37,13.914,0.40775,0.448333333,0.577166667,202.4952452,596.8257782,No,Yes,Yes,Test,Cal,No,No
118_2008,2.5,0.833333333,92.50083333,1.665833333,4.7225,0.2775,18.61166667,3.889166667,77.22166667,1.110833333,0,1.110833333,2008,-120.40928,34.02714,17.4,13.81,4,2.71031,Island,0,28469275.62,118,13.086,13.506,14.64,-0.686166667,-0.34275,0.301166667,465.6675193,510.6418485,No,Yes,Yes,Test,Test,No,Yes
118_2011,4.9825,3.055,74.44416667,15.83333333,8.055833333,1.944166667,10,6.389166667,81.6675,1.666666667,0,0.2775,2011,-120.40928,34.02714,17.4,13.81,4,2.71031,Island,0,28469275.62,118,13.722,12.642,13.944,-0.92675,-0.43375,0.39075,162.1459364,152.6976326,No,Yes,Yes,Test,Test,No,Yes
118_2012,3.61,1.388333333,78.33416667,6.11,12.7775,0,14.1675,13.61166667,72.2225,2.778333333,0,0,2012,-120.40928,34.02714,17.4,13.81,4,2.71031,Island,0,28469275.62,118,13.86,13.722,12.642,0.142833333,-0.92675,-0.43375,91.05772947,162.1459364,No,Yes,Yes,Test,Test,No,Yes
119_2008,0.8075,4.0325,93.55,1.6125,0,7.2575,17.7425,5.645,69.355,4.8375,0,0,2008,-119.50782,33.22,9,15.27,4,2.381498,Island,0,28642151.27,119,14.67,14.808,15.702,-0.686166667,-0.34275,0.301166667,465.6675193,510.6418485,Yes,Yes,Yes,Cal,Val,No,Yes
12_2008,0,19.355,75.805,1.615,0,0,0,0,100,22.58,0,1.615,2008,-118.60776,34.03536,6.7,16.71,1,1.720243,Mainland,6.537561,0,12,16.596,16.626,17.058,-0.686166667,-0.34275,0.301166667,465.6675193,510.6418485,Yes,Yes,Yes,Cal,Cal,No,No
120_2008,0,0,66.66666667,33.33333333,0,0,6.99,91.39666667,1.613333333,0,0,1.613333333,2008,-119.69495,33.36237,30.4,14.94,0,2.4,Island,0,62444.61841,120,14.4,14.79,15.348,-0.686166667,-0.34275,0.301166667,465.6675193,510.6418485,No,No,No,Test,Test,No,No
120_2012,1.075,0,99.46166667,0.538333333,0,0,5.376666667,92.47333333,2.15,0,0,0.538333333,2012,-119.69495,33.36237,30.4,14.94,0,2.4,Island,0,62444.61841,120,15.204,14.76,13.884,0.142833333,-0.92675,-0.43375,91.05772947,162.1459364,No,No,No,Test,Test,No,No
121_2012,10.485,0,83.8725,8.4675,7.66125,0.40375,20.9675,0.80625,77.82375,0,0,0.40375,2012,-119.60693,33.276,23.5,14.98,1,0.446149,Island,0,28642151.27,121,15.144,14.646,13.794,0.142833333,-0.92675,-0.43375,91.05772947,162.1459364,Yes,Yes,Yes,Cal,Cal,No,No
122_2008,0.8075,2.42,94.355,2.42,0,40.3225,4.0325,0,55.6475,3.225,0,0,2008,-119.58617,33.25027,14.2,14.87,2,1.157051,Island,0,28642151.27,122,14.016,14.616,15.51,-0.686166667,-0.34275,0.301166667,465.6675193,510.6418485,Yes,Yes,Yes,Val,Cal,Yes,No
123_2008,0.8075,4.84,64.515,4.0325,3.2275,69.355,6.4525,1.6125,22.5825,28.2275,0,8.065,2008,-119.48368,33.21563,17.8,15.43,3,2.595618,Island,0,28642151.27,123,14.982,14.988,15.906,-0.686166667,-0.34275,0.301166667,465.6675193,510.6418485,No,No,No,Test,Test,No,No
124_2004,0.555,2.008333333,98.89,0,0,6.666666667,12.22333333,0.555,80.555,1.11,0,0.538333333,2004,-119.43422,33.21965,13.7,15.38,3,1.098602,Island,0,28642151.27,124,15.51,15.366,15.60625,0.40775,0.448333333,0.577166667,202.4952452,596.8257782,No,No,No,Test,Test,No,No
124_2008,0,5.725,82.015,4.1125,0,69.62,1.6675,0,28.7125,13.8725,0,2.475,2008,-119.43422,33.21965,13.7,15.38,3,1.098602,Island,0,28642151.27,124,14.988,15.21,15.744,-0.686166667,-0.34275,0.301166667,465.6675193,510.6418485,No,No,No,Test,Test,No,No
125_2004,0.555833333,16.55083333,75.27833333,7.7775,0.2775,49.1675,16.11166667,3.333333333,31.38916667,16.66666667,0,0,2004,-119.46856,33.21282,15,15.5,3,3.77379,Island,0,28642151.27,125,15.762,15.498,15.64375,0.40775,0.448333333,0.577166667,202.4952452,596.8257782,No,No,No,Test,Test,No,No
126_2011,6.99,19.89166667,97.84833333,0,1.613333333,38.71166667,0,0,61.28833333,0.538333333,0.538333333,1.076666667,2011,-117.32315,33.09845,13,17.65,5,1.801543,Mainland,6.416346,14481615.69,126,17.16,16.758,17.676,-0.92675,-0.43375,0.39075,162.1459364,152.6976326,Yes,No,No,Cal,Test,No,No
127_2004,3.75,15.4175,32.5,14.58375,25.41625,66.25,2.5,0,31.25,27.5,0,1.25,2004,-117.28372,32.81593,26.4,17.38,3,1.021712,Mainland,4.992243,11365196.24,127,18.156,17.538,17.046,0.40775,0.448333333,0.577166667,202.4952452,596.8257782,No,No,No,Test,Test,No,No
127_2011,2.01625,22.58125,69.35625,12.09875,1.61375,72.98375,1.21,0.40375,25.4025,16.935,0,5.645,2011,-117.28372,32.81593,26.4,17.38,3,1.021712,Mainland,4.992243,11365196.24,127,16.806,16.284,17.766,-0.92675,-0.43375,0.39075,162.1459364,152.6976326,No,No,No,Test,Test,No,No
127_2012,2.8225,16.12875,72.98375,15.72625,9.275,19.7575,1.21125,0,79.03125,2.01625,0,0.40375,2012,-117.28372,32.81593,26.4,17.38,3,1.021712,Mainland,4.992243,11365196.24,127,17.526,16.806,16.284,0.142833333,-0.92675,-0.43375,91.05772947,162.1459364,No,No,No,Test,Test,No,No
128_2004,0.2775,0,65.555,4.721666667,28.05583333,60.55666667,10.55666667,0.2775,28.61083333,1.666666667,0,0.983333333,2004,-120.04733,34.04058,20.4,14.42,2,1.473839,Island,0,52837336.78,128,14.778,14.724,14.076,0.40775,0.448333333,0.577166667,202.4952452,596.8257782,No,No,No,Test,Test,No,No
128_2008,5.286666667,4.305833333,90.2775,1.25,4.165833333,35.41666667,1.249166667,0,63.33333333,4.305833333,0,0,2008,-120.04733,34.04058,20.4,14.42,2,1.473839,Island,0,52837336.78,128,14.49,13.98,14.82,-0.686166667,-0.34275,0.301166667,465.6675193,510.6418485,No,No,No,Test,Test,No,No
129_2004,11.94916667,1.94,78.05666667,11.11083333,9.721666667,57.2225,1.389166667,0,41.38916667,1.11,0,4.1475,2004,-120.2119,33.9539,19.2,14.54,3,1.359296,Island,0,30264869.92,129,15.264,14.646,14.394,0.40775,0.448333333,0.577166667,202.4952452,596.8257782,Yes,Yes,Yes,Test,Cal,Yes,No
129_2008,6.929166667,0.9725,80.00083333,10.695,8.333333333,13.61083333,7.2225,3.611666667,75.55666667,0.9725,0,0,2008,-120.2119,33.9539,19.2,14.54,3,1.359296,Island,0,30264869.92,129,13.776,14.466,15.348,-0.686166667,-0.34275,0.301166667,465.6675193,510.6418485,Yes,Yes,Yes,Cal,Test,No,Yes
13_2011,45,7.221666667,77.77666667,2.221666667,18.89,70.55333333,0,0,29.44666667,1.111666667,0.555,4.998333333,2011,-120.3317,34.45683,13.8,15.17,1,2.081135,Mainland,8.842744,37664407.28,13,14.448,14.694,15.342,-0.92675,-0.43375,0.39075,162.1459364,152.6976326,No,No,Yes,Test,Cal,No,No
13_2012,35.555,6.11,68.335,3.888333333,27.77666667,56.11,0,0,43.89,0,0,9.998333333,2012,-120.3317,34.45683,13.8,15.17,1,2.081135,Mainland,8.842744,37664407.28,13,15.036,14.448,14.694,0.142833333,-0.92675,-0.43375,91.05772947,162.1459364,No,No,Yes,Test,Test,No,Yes
130_2004,2.778333333,18.93916667,41.38833333,12.77666667,20.2775,54.72083333,18.61083333,0.555833333,26.11166667,25.555,0,2.7975,2004,-120.13751,33.9007,17.6,14.88,7,4.488665,Island,0,30264869.92,130,15.624,15.012,14.868,0.40775,0.448333333,0.577166667,202.4952452,596.8257782,No,No,No,Test,Test,No,No
130_2008,1.110833333,6.388333333,88.61083333,0.8325,0.833333333,7.778333333,23.3325,1.945,66.945,9.7225,0,0,2008,-120.13751,33.9007,17.6,14.88,7,4.488665,Island,0,30264869.92,130,14.994,14.328,15.324,-0.686166667,-0.34275,0.301166667,465.6675193,510.6418485,No,No,No,Test,Test,No,No
131_2004,7.5,1.110833333,28.61166667,30.27916667,28.88833333,55,6.666666667,0.2775,38.05583333,12.22083333,0,15.01333333,2004,-120.19083,33.92908,22,14.53,6,1.781591,Island,0,30264869.92,131,15.21,14.736,14.4,0.40775,0.448333333,0.577166667,202.4952452,596.8257782,Yes,Yes,Yes,Val,Test,Yes,Yes
131_2008,5.2775,5.565,87.22333333,3.055833333,5.833333333,0.2775,6.388333333,0.555833333,92.77833333,3.888333333,0,0,2008,-120.19083,33.92908,22,14.53,6,1.781591,Island,0,30264869.92,131,13.38,14.61,15.234,-0.686166667,-0.34275,0.301166667,465.6675193,510.6418485,Yes,Yes,Yes,Test,Test,Yes,Yes
131_2011,4.7225,5.276666667,91.38916667,1.388333333,3.611666667,9.721666667,5.833333333,0.833333333,83.61166667,3.611666667,0,0,2011,-120.19083,33.92908,22,14.53,6,1.781591,Island,0,30264869.92,131,14.154,13.308,14.784,-0.92675,-0.43375,0.39075,162.1459364,152.6976326,Yes,Yes,Yes,Test,Cal,Yes,No
131_2012,3.61,5.555833333,70.55666667,13.88833333,8.610833333,3.888333333,14.16583333,3.055833333,78.88916667,6.943333333,0,0,2012,-120.19083,33.92908,22,14.53,6,1.781591,Island,0,30264869.92,131,14.73,14.154,13.308,0.142833333,-0.92675,-0.43375,91.05772947,162.1459364,Yes,Yes,Yes,Test,Test,Yes,Yes
132_2008,3.888333333,8.610833333,80.83416667,2.776666667,8.888333333,11.38833333,15.27666667,6.388333333,66.94333333,7.500833333,0,2.7775,2008,-120.10135,33.90198,17.7,15.23,6,2.056712,Island,0,30264869.92,132,14.988,14.886,16.074,-0.686166667,-0.34275,0.301166667,465.6675193,510.6418485,No,No,No,Test,Test,No,No
133_2004,0.555833333,12.23083333,24.72083333,13.055,19.72166667,65.55583333,7.221666667,2.2225,24.99916667,42.49916667,0,22.74833333,2004,-120.10359,33.89726,20.4,15.13,6,2.505167,Island,0,30264869.92,133,15.48,15.276,15.036,0.40775,0.448333333,0.577166667,202.4952452,596.8257782,No,No,No,Test,Test,No,No
133_2008,3.611666667,3.888333333,80.27916667,3.333333333,5.833333333,0.2775,13.88833333,14.16666667,71.66833333,10.55416667,0,1.388333333,2008,-120.10359,33.89726,20.4,15.13,6,2.505167,Island,0,30264869.92,133,14.982,14.916,15.78,-0.686166667,-0.34275,0.301166667,465.6675193,510.6418485,No,No,No,Test,Test,No,No
133_2011,3.888333333,11.945,68.61083333,10.00083333,11.38916667,10.2775,6.110833333,1.389166667,82.2225,9.999166667,0,2.499166667,2011,-120.10359,33.89726,20.4,15.13,6,2.505167,Island,0,30264869.92,133,14.658,13.806,15.282,-0.92675,-0.43375,0.39075,162.1459364,152.6976326,No,No,No,Test,Test,No,No
34_2012,10.8325,7.7775,81.6675,4.166666667,7.499166667,25.83333333,0.833333333,0,73.33333333,6.665833333,0,1.389166667,2012,-120.49526,34.48539,21.1,14.16,1,2.14743,Mainland,8.842744,0,34,14.124,13.932,12.858,0.142833333,-0.92675,-0.43375,91.05772947,162.1459364,No,No,No,Test,Test,No,No
35_2008,4.445,14.06666667,0,6.665,64.445,77.77833333,0,0,5.555,28.89,0,0,2008,-117.28815,32.82952,16.9,17.42,3,1.352325,Mainland,4.992243,11365196.24,35,16.584,17.322,17.826,-0.686166667,-0.34275,0.301166667,465.6675193,510.6418485,No,No,No,Test,Test,No,No
36_2011,3.226666667,8.063333333,55.91333333,10.75333333,10.215,60.75333333,2.688333333,0,36.56,23.11833333,8.065,6.99,2011,-117.78048,33.53115,15,17.41,4,3.530245,Mainland,1.123966,1050653.913,36,16.974,16.362,17.802,-0.92675,-0.43375,0.39075,162.1459364,152.6976326,Yes,No,No,Cal,Test,No,No
37_2008,12.9025,4.0325,37.905,9.675,43.55,81.45,0.8075,0,17.7425,8.87,1.6125,21.7725,2008,-119.69829,34.39676,7,15.68,1,1.936163,Mainland,8.842744,5113257.421,37,15.438,15.468,15.99,-0.686166667,-0.34275,0.301166667,465.6675193,510.6418485,No,No,No,Test,Test,No,No
38_2008,0.538333333,24.19166667,36.02333333,14.51666667,3.226666667,55.91333333,8.065,1.075,34.94666667,46.235,0,0,2008,-118.92427,34.03996,16.2,15.96,3,2.06121,Mainland,6.537561,3627538.126,38,15.786,15.588,16.596,-0.686166667,-0.34275,0.301166667,465.6675193,510.6418485,Yes,Yes,Yes,Val,Test,Yes,Yes
38_2011,2.26,5.611666667,71.11,10.55333333,2.223333333,21.665,4.443333333,0,73.89,16.11,0,0.555,2011,-118.92427,34.03996,16.2,15.96,3,2.06121,Mainland,6.537561,3627538.126,38,15.612,14.898,16.2,-0.92675,-0.43375,0.39075,162.1459364,152.6976326,Yes,Yes,Yes,Test,Val,Yes,Yes
38_2012,2.223333333,4.445,65,13.33333333,6.665,1.666666667,12.77833333,0,85.555,15,0,0,2012,-118.92427,34.03996,16.2,15.96,3,2.06121,Mainland,6.537561,3627538.126,38,16.062,15.612,14.898,0.142833333,-0.92675,-0.43375,91.05772947,162.1459364,Yes,Yes,Yes,Test,Test,Yes,Yes
39_2011,5.378333333,17.74333333,88.71166667,4.301666667,0.538333333,36.02,4.301666667,0,59.67833333,6.451666667,1.613333333,4.301666667,2011,-117.30932,33.0636,15,17.68,6,2.132658,Mainland,6.416346,14481615.69,39,16.908,16.614,17.76,-0.92675,-0.43375,0.39075,162.1459364,152.6976326,No,No,No,Test,Test,No,No
39_2012,0.538333333,16.12833333,87.09666667,3.763333333,1.613333333,7.526666667,2.151666667,0,90.32333333,7.525,8.063333333,1.075,2012,-117.30932,33.0636,15,17.68,6,2.132658,Mainland,6.416346,14481615.69,39,17.94,16.908,16.614,0.142833333,-0.92675,-0.43375,91.05772947,162.1459364,No,No,No,Test,Test,No,No
4_2004,0,12.88833333,24.445,17.7775,23.05583333,58.61166667,1.110833333,0.833333333,39.44333333,34.72333333,0,16.26583333,2004,-119.38892,34.01268,20.4,15.73,6,3.633064,Island,0,913074.3428,4,16.188,15.354,15.372,0.40775,0.448333333,0.577166667,202.4952452,596.8257782,No,No,No,Test,Test,No,No
40_2008,4.226666667,7.288333333,48.56166667,36.76333333,5.631666667,12.22333333,33.33166667,18.33333333,36.11166667,9.043333333,0,0,2008,-117.86545,33.58419,10.8,17.3,3,3.916882,Mainland,1.123966,497050.6813,40,16.446,17.376,17.784,-0.686166667,-0.34275,0.301166667,465.6675193,510.6418485,No,No,No,Test,Test,No,No
41_2008,2.15,21.50333333,14.51666667,18.81833333,38.17166667,56.45166667,0,0,43.54833333,28.49333333,0,3.765,2008,-118.79097,34.00654,13.7,16.29,4,1.956472,Mainland,6.537561,605988.5549,41,16.29,16.284,16.77,-0.686166667,-0.34275,0.301166667,465.6675193,510.6418485,No,No,No,Test,Test,No,No
41_2011,16.05833333,13.78,57.22166667,15.55666667,13.88666667,15,0.555,0,84.44333333,13.33333333,0,3.871666667,2011,-118.79097,34.00654,13.7,16.29,4,1.956472,Mainland,6.537561,605988.5549,41,16.086,15.63,16.386,-0.92675,-0.43375,0.39075,162.1459364,152.6976326,No,No,No,Test,Test,No,No
41_2012,5.555,23.88833333,55.00166667,3.333333333,9.443333333,12.77833333,16.66666667,0,70.555,32.22,0,0,2012,-118.79097,34.00654,13.7,16.29,4,1.956472,Mainland,6.537561,605988.5549,41,16.056,16.086,15.63,0.142833333,-0.92675,-0.43375,91.05772947,162.1459364,No,No,No,Test,Test,No,No
42_2011,1.21125,7.26,83.87125,6.45125,5.24125,12.0975,24.59625,15.3225,47.98375,4.435,0,4.435,2011,-118.40122,33.73595,24,16.84,15,5.559443,Mainland,0,6682109.511,42,16.362,15.474,17.178,-0.92675,-0.43375,0.39075,162.1459364,152.6976326,No,No,No,Test,Test,No,No
42_2012,3.63125,5.2425,79.43625,7.2575,3.63,2.01625,35.48375,22.1775,40.32125,9.6775,1.21,2.0175,2012,-118.40122,33.73595,24,16.84,15,5.559443,Mainland,0,6682109.511,42,16.974,16.362,15.474,0.142833333,-0.92675,-0.43375,91.05772947,162.1459364,No,No,No,Test,Test,No,No
43_2011,13.30625,11.29125,60.4825,12.5,19.75875,45.96875,2.8225,0.40375,50.80625,7.25875,0.80625,2.42125,2011,-118.4303,33.7718,26.8,16.76,12,2.860298,Mainland,6.537561,6682109.511,43,16.512,15.36,17.034,-0.92675,-0.43375,0.39075,162.1459364,152.6976326,No,No,No,Test,Test,No,No
43_2012,6.45375,7.6625,78.62875,12.90375,5.2425,10.08125,11.29,0.80625,77.8225,3.225,0,1.21,2012,-118.4303,33.7718,26.8,16.76,12,2.860298,Mainland,6.537561,6682109.511,43,16.842,16.512,15.36,0.142833333,-0.92675,-0.43375,91.05772947,162.1459364,No,No,No,Test,Test,No,No
44_2011,3.2275,35.4825,57.2575,7.2575,1.615,60.485,0,0,39.515,33.87,0,2.42,2011,-117.27018,32.85116,11.6,17.8,3,4.121751,Mainland,6.416346,11365196.24,44,17.01,17.202,18.162,-0.92675,-0.43375,0.39075,162.1459364,152.6976326,Yes,Yes,Yes,Test,Test,Yes,Yes
44_2012,4.0325,21.7725,65.3225,7.2575,3.225,29.03,0,0,70.97,24.1925,0,3.225,2012,-117.27018,32.85116,11.6,17.8,3,4.121751,Mainland,6.416346,11365196.24,44,17.856,17.01,17.202,0.142833333,-0.92675,-0.43375,91.05772947,162.1459364,Yes,Yes,Yes,Val,Val,Yes,Yes
45_2008,8.631666667,2.538333333,87.7775,2.221666667,9.166666667,0,20.00083333,4.444166667,75.55416667,0.833333333,0,1.398333333,2008,-119.95266,34.42353,18.3,15.71,1,1.562433,Mainland,8.842744,7250301.694,45,15.666,15.306,15.612,-0.686166667,-0.34275,0.301166667,465.6675193,510.6418485,Yes,Yes,Yes,Cal,Cal,No,No
45_2011,11.38166667,4.095,78.6125,5.555,13.055,11.38833333,6.945,6.110833333,75.55583333,2.7775,0,1.945,2011,-119.95266,34.42353,18.3,15.71,1,1.562433,Mainland,8.842744,7250301.694,45,15.336,14.796,15.858,-0.92675,-0.43375,0.39075,162.1459364,152.6976326,Yes,Yes,Yes,Test,Test,Yes,Yes
45_2012,5.8325,3.610833333,68.33333333,11.38833333,15.55583333,11.6675,11.39,3.610833333,73.33166667,4.721666667,0,0.833333333,2012,-119.95266,34.42353,18.3,15.71,1,1.562433,Mainland,8.842744,7250301.694,45,15.87,15.336,14.796,0.142833333,-0.92675,-0.43375,91.05772947,162.1459364,Yes,Yes,Yes,Test,Test,Yes,Yes
46_2008,1.6125,12.9,7.2575,28.225,16.1275,39.5175,0,0,60.4825,48.3875,0,3.2275,2008,-118.91251,34.03811,13,15.97,3,2.266224,Mainland,6.537561,3627538.126,46,15.792,15.762,16.5,-0.686166667,-0.34275,0.301166667,465.6675193,510.6418485,Yes,Yes,Yes,Cal,Cal,No,No
47_2008,8.065,4.84,12.905,59.675,27.42,43.55,38.71,0,17.74,0,0,11.29,2008,-118.80659,33.99884,16,16.31,4,4.899103,Mainland,6.537561,73140.31325,47,15.972,16.338,16.74,-0.686166667,-0.34275,0.301166667,465.6675193,510.6418485,No,Yes,Yes,Test,Cal,No,No
47_2011,1.111666667,5.556666667,82.77666667,10,2.221666667,0,3.331666667,3.335,93.335,5,0,3.888333333,2011,-118.80659,33.99884,16,16.31,4,4.899103,Mainland,6.537561,73140.31325,47,15.768,15.612,16.728,-0.92675,-0.43375,0.39075,162.1459364,152.6976326,No,Yes,Yes,Test,Test,No,Yes
47_2012,0,15.555,78.33333333,2.221666667,0,7.223333333,5.556666667,17.22333333,70,19.445,0,2.221666667,2012,-118.80659,33.99884,16,16.31,4,4.899103,Mainland,6.537561,73140.31325,47,16.638,15.768,15.612,0.142833333,-0.92675,-0.43375,91.05772947,162.1459364,No,Yes,Yes,Test,Test,No,Yes
48_2008,5.376666667,8.063333333,38.71,32.25833333,19.355,35.485,3.763333333,1.075,59.67833333,9.676666667,0,0.538333333,2008,-118.29928,33.70667,15,16.78,7,1.826929,Mainland,0,2146056.919,48,16.44,16.668,17.088,-0.686166667,-0.34275,0.301166667,465.6675193,510.6418485,No,No,No,Test,Test,No,No
48_2011,9.14,11.29,48.925,17.74333333,17.74166667,48.38666667,2.151666667,0,49.46166667,15.59,0,1.075,2011,-118.29928,33.70667,15,16.78,7,1.826929,Mainland,0,2146056.919,48,16.236,16.35,17.01,-0.92675,-0.43375,0.39075,162.1459364,152.6976326,No,No,No,Test,Test,No,No
48_2012,2.151666667,4.301666667,79.03166667,17.205,3.225,26.345,12.365,0,61.29166667,0.538333333,0,0,2012,-118.29928,33.70667,15,16.78,7,1.826929,Mainland,0,2146056.919,48,16.74,16.236,16.35,0.142833333,-0.92675,-0.43375,91.05772947,162.1459364,No,No,No,Test,Test,No,No
49_2011,2.82375,22.17875,89.515,3.63,0.40375,60.07875,7.2575,0,32.6625,6.45125,0,0.80625,2011,-117.26302,32.7121,24.7,17.18,3,1.490084,Mainland,4.992243,22964350.7,49,16.734,15.708,17.7,-0.92675,-0.43375,0.39075,162.1459364,152.6976326,No,No,No,Test,Test,No,No
49_2012,10.07875,12.09875,74.595,19.75875,3.2275,26.21125,4.435,0,69.35375,2.41875,0.8075,0.8075,2012,-117.26302,32.7121,24.7,17.18,3,1.490084,Mainland,4.992243,22964350.7,49,17.316,16.734,15.708,0.142833333,-0.92675,-0.43375,91.05772947,162.1459364,No,No,No,Test,Test,No,No
5_2008,15.27583333,8.3625,81.11,1.666666667,7.776666667,4.445,12.7775,3.611666667,79.1675,9.445,0,2.220833333,2008,-119.39807,34.00158,16.8,16,6,7.7334,Island,0,257212.685,5,15.93,15.738,16.854,-0.686166667,-0.34275,0.301166667,465.6675193,510.6418485,No,No,No,Test,Test,No,No
50_2004,7.778333333,7.499166667,35.555,18.3325,42.77833333,35.2775,4.166666667,0,60.555,3.333333333,0,0.555,2004,-117.27689,32.72434,18.3,17.31,3,1.698711,Mainland,4.992243,22964350.7,50,17.832,17.394,16.998,0.40775,0.448333333,0.577166667,202.4952452,596.8257782,No,No,No,Test,Test,No,No
50_2008,12.69666667,9.97,46.42333333,23.95333333,20.575,79.20666667,0,0,20.79333333,9.048333333,0,6.301666667,2008,-117.27689,32.72434,18.3,17.31,3,1.698711,Mainland,4.992243,22964350.7,50,16.752,17.568,17.604,-0.686166667,-0.34275,0.301166667,465.6675193,510.6418485,No,No,No,Test,Test,No,No
51_2004,1.665833333,1.3875,91.11083333,4.721666667,3.055,70.8325,0.2775,1.389166667,27.50083333,1.110833333,0,3.055,2004,-117.25615,32.67649,25.3,17,3,1.952923,Mainland,4.992243,22964350.7,51,17.448,17.388,16.764,0.40775,0.448333333,0.577166667,202.4952452,596.8257782,No,No,No,Test,Test,No,No
51_2008,19.99666667,5.04,75.735,2.168333333,3.816666667,55.55666667,0,0,44.44333333,18.28,0,5.003333333,2008,-117.25615,32.67649,25.3,17,3,1.952923,Mainland,4.992243,22964350.7,51,16.548,17.274,17.286,-0.686166667,-0.34275,0.301166667,465.6675193,510.6418485,No,No,No,Test,Test,No,No
51_2012,3.63,2.42,68.95125,22.58125,6.855,30.2425,9.27375,0,60.48375,1.6125,3.22625,3.225,2012,-117.25615,32.67649,25.3,17,3,1.952923,Mainland,4.992243,22964350.7,51,17.238,16.14,15.738,0.142833333,-0.92675,-0.43375,91.05772947,162.1459364,No,No,No,Test,Test,No,No
52_2004,28.14777778,3.333333333,62.59333333,22.22222222,12.22111111,18.14777778,19.25888889,9.998888889,52.59333333,2.963333333,0,5.926666667,2004,-118.41369,33.73974,25.6,16.82,14,5.48109,Mainland,0,6682109.511,52,17.394,16.968,16.548,0.40775,0.448333333,0.577166667,202.4952452,596.8257782,No,No,No,Test,Test,No,No
52_2008,0,1.075,95.16166667,4.838333333,0,4.301666667,23.12,21.505,51.075,0,0,0,2008,-118.41369,33.73974,25.6,16.82,14,5.48109,Mainland,0,6682109.511,52,16.254,16.722,17.292,-0.686166667,-0.34275,0.301166667,465.6675193,510.6418485,No,No,No,Test,Test,No,No
52_2011,2.42,4.0325,77.82125,9.67625,8.46625,6.85375,25.8075,12.9025,54.435,4.0325,0,0.40375,2011,-118.41369,33.73974,25.6,16.82,14,5.48109,Mainland,0,6682109.511,52,16.434,15.576,17.136,-0.92675,-0.43375,0.39075,162.1459364,152.6976326,No,No,No,Test,Test,No,No
52_2012,0.8075,1.21,81.04875,12.095,2.82375,0.8075,47.985,21.77625,29.435,4.03125,0,1.21,2012,-118.41369,33.73974,25.6,16.82,14,5.48109,Mainland,0,6682109.511,52,17.01,16.434,15.576,0.142833333,-0.92675,-0.43375,91.05772947,162.1459364,No,No,No,Test,Test,No,No
53_2008,2.8225,7.6625,35.88625,42.74375,10.0825,27.01625,4.84,0.40375,67.7425,11.29125,0,2.41875,2008,-118.42742,33.7665,22,16.81,12,3.228328,Mainland,6.537561,6682109.511,53,16.53,16.752,17.1,-0.686166667,-0.34275,0.301166667,465.6675193,510.6418485,No,No,No,Test,Test,No,No
53_2012,3.22625,1.61375,81.04625,15.32375,3.63,12.0975,9.67625,0.40375,77.8225,0,0,0,2012,-118.42742,33.7665,22,16.81,12,3.228328,Mainland,6.537561,6682109.511,53,16.836,16.512,15.6,0.142833333,-0.92675,-0.43375,91.05772947,162.1459364,No,No,No,Test,Test,No,No
54_2011,5.2425,5.2425,67.34,18.54875,12.9025,0.8075,13.3075,3.225,82.66125,1.21125,0,1.21,2011,-118.42323,33.78848,28,16.92,12,2.794333,Mainland,6.537561,3562047.558,54,16.452,15.84,17.316,-0.92675,-0.43375,0.39075,162.1459364,152.6976326,No,No,No,Test,Test,No,No
54_2012,6.04875,12.09625,56.4525,27.01625,11.28875,3.62875,14.91875,4.0325,77.42125,5.2425,0,0,2012,-118.42323,33.78848,28,16.92,12,2.794333,Mainland,6.537561,3562047.558,54,16.722,16.452,15.84,0.142833333,-0.92675,-0.43375,91.05772947,162.1459364,No,No,No,Test,Test,No,No
55_2008,0.8075,18.9525,31.45,39.91875,8.06375,19.355,5.645,0.80625,74.1925,20.9675,0,0.40375,2008,-118.42641,33.78631,24.7,16.92,12,2.787774,Mainland,6.537561,6682109.511,55,16.896,16.8,17.28,-0.686166667,-0.34275,0.301166667,465.6675193,510.6418485,No,No,No,Test,Test,No,No
55_2012,2.42,15.7275,54.435,25,9.27375,4.84,11.29125,0,83.87,11.29125,0,0.40375,2012,-118.42641,33.78631,24.7,16.92,12,2.787774,Mainland,6.537561,6682109.511,55,16.668,16.644,15.684,0.142833333,-0.92675,-0.43375,91.05772947,162.1459364,No,No,No,Test,Test,No,No
56_2004,3.254166667,20.65833333,32.69583333,40.22416667,7.42,18.10333333,30.04166667,3.029166667,48.82666667,19.66,0,0,2004,-118.42999,33.78093,23.9,16.8,12,2.460102,Mainland,6.537561,6682109.511,56,17.388,16.92,16.44,0.40775,0.448333333,0.577166667,202.4952452,596.8257782,No,No,No,Test,Test,No,No
56_2008,10.08,8.47,52.8225,24.19375,16.935,48.79125,2.82375,0,48.38625,6.05125,0,0,2008,-118.42999,33.78093,23.9,16.8,12,2.460102,Mainland,6.537561,6682109.511,56,16.584,16.53,16.992,-0.686166667,-0.34275,0.301166667,465.6675193,510.6418485,No,No,No,Test,Test,No,No
56_2011,12.9025,13.71,69.76,19.355,6.855,31.04875,2.82375,0,66.13,4.03375,0,0.80625,2011,-118.42999,33.78093,23.9,16.8,12,2.460102,Mainland,6.537561,6682109.511,56,16.734,15.432,17.106,-0.92675,-0.43375,0.39075,162.1459364,152.6976326,No,No,No,Test,Test,No,No
56_2012,5.2425,8.87125,62.09625,23.38625,6.855,22.985,5.2425,0.40375,71.37125,7.66125,0,0.40375,2012,-118.42999,33.78093,23.9,16.8,12,2.460102,Mainland,6.537561,6682109.511,56,16.788,16.734,15.432,0.142833333,-0.92675,-0.43375,91.05772947,162.1459364,No,No,No,Test,Test,No,No
57_2011,6.4525,10.88625,74.19375,20.9675,4.03375,6.855,12.90375,0,80.2425,0.80625,0,0.40375,2011,-118.4316,33.77638,26,16.8,12,3.289627,Mainland,6.537561,6682109.511,57,16.704,15.42,17.124,-0.92675,-0.43375,0.39075,162.1459364,152.6976326,No,No,No,Test,Test,No,No
57_2012,2.82375,7.66125,79.84,13.3075,5.64625,1.21,11.695,0,87.09625,1.21125,0,0.80625,2012,-118.4316,33.77638,26,16.8,12,3.289627,Mainland,6.537561,6682109.511,57,16.77,16.704,15.42,0.142833333,-0.92675,-0.43375,91.05772947,162.1459364,No,No,No,Test,Test,No,No
58_2011,4.84,20.42833333,83.33333333,0.538333333,2.69,78.495,0.538333333,0,20.96666667,13.44166667,7.526666667,1.076666667,2011,-117.28882,33.01818,14,17.61,5,1.860411,Mainland,6.416346,14481615.69,58,16.932,16.392,17.688,-0.92675,-0.43375,0.39075,162.1459364,152.6976326,No,No,No,Test,Test,No,No
59_2004,0.555,33.61083333,20.555,26.945,23.88833333,82.77916667,0,0,17.22083333,28.61083333,0,0.2775,2004,-117.61058,33.369,18.3,17.46,1,0.89466,Mainland,6.416346,4600309.758,59,18.132,17.694,17.04,0.40775,0.448333333,0.577166667,202.4952452,596.8257782,No,No,No,Test,Test,No,No
59_2011,0,4.84,25.805,35.48,0,17.745,17.745,0,64.52,38.71,16.13,3.225,2011,-117.61058,33.369,18.3,17.46,1,0.89466,Mainland,6.416346,4600309.758,59,16.902,16.626,17.64,-0.92675,-0.43375,0.39075,162.1459364,152.6976326,No,No,No,Test,Test,No,No
59_2012,3.225,12.905,27.42,40.325,1.615,0,1.615,0,98.385,30.645,17.74,3.225,2012,-117.61058,33.369,18.3,17.46,1,0.89466,Mainland,6.416346,4600309.758,59,17.46,16.902,16.626,0.142833333,-0.92675,-0.43375,91.05772947,162.1459364,No,No,No,Test,Test,No,No
6_2004,1.2525,7.601666667,50.97166667,30.2775,9.583333333,12.11833333,11.11166667,20.2775,56.49416667,9.166666667,0.990833333,0.810833333,2004,-119.36571,34.01672,15.9,15.69,6,8.483278,Island,0,449626.8855,6,16.194,15.408,15.306,0.40775,0.448333333,0.577166667,202.4952452,596.8257782,No,No,No,Test,Test,No,No
6_2008,2.221666667,3.3325,69.16833333,16.11083333,10.27666667,0,13.055,41.66666667,45.2775,4.444166667,0,1.666666667,2008,-119.36571,34.01672,15.9,15.69,6,8.483278,Island,0,449626.8855,6,15.9,15.444,16.128,-0.686166667,-0.34275,0.301166667,465.6675193,510.6418485,No,No,No,Test,Test,No,No
6_2011,5.555,4.443333333,61.94416667,28.05583333,6.666666667,2.778333333,13.61166667,21.94416667,61.6675,3.333333333,0,1.943333333,2011,-119.36571,34.01672,15.9,15.69,6,8.483278,Island,0,449626.8855,6,15.522,15.126,15.69,-0.92675,-0.43375,0.39075,162.1459364,152.6976326,No,No,No,Test,Test,No,No
6_2012,1.665833333,1.943333333,73.33333333,14.44416667,7.221666667,0.2775,17.5,34.72166667,47.50166667,5,0,1.944166667,2012,-119.36571,34.01672,15.9,15.69,6,8.483278,Island,0,449626.8855,6,15.66,15.522,15.126,0.142833333,-0.92675,-0.43375,91.05772947,162.1459364,No,No,No,Test,Test,No,No
60_2004,13,29.333,17.333,23,28.667,85,0,0,15,30.999,1.667,1.333,2004,-117.55735,33.34445,15.5,17.6,2,0.611712,Mainland,6.416346,9315790.21,60,18.486,17.886,17.364,0.40775,0.448333333,0.577166667,202.4952452,596.8257782,No,No,No,Test,Test,No,No
61_2004,8.055,9.721666667,48.88916667,18.055,22.22166667,75.555,1.110833333,0,23.33416667,10.83333333,0,9.7225,2004,-119.02785,33.48911,18.6,16.36,6,7.37599,Island,0,8474164.167,61,16.782,16.014,16.4875,0.40775,0.448333333,0.577166667,202.4952452,596.8257782,No,No,No,Test,Test,No,No
61_2008,20.20833333,3.083333333,79.08277778,8.512777778,10.08888889,38.85055556,6.588333333,6.266111111,48.29444444,2.315555556,0,1.886111111,2008,-119.02785,33.48911,18.6,16.36,6,7.37599,Island,0,8474164.167,61,16.218,16.212,16.704,-0.686166667,-0.34275,0.301166667,465.6675193,510.6418485,No,No,No,Test,Test,No,No
62_2008,18.88916667,2.7775,66.52916667,10.41833333,20.00166667,40.55583333,6.110833333,0.833333333,52.50083333,3.055,0,1.389166667,2008,-119.04408,33.46442,19.8,16.44,6,9.908699,Island,0,8474164.167,62,15.918,16.182,16.794,-0.686166667,-0.34275,0.301166667,465.6675193,510.6418485,No,No,No,Test,Test,No,No
62_2011,16.1275,6.04875,66.1275,12.0975,18.14625,25.40375,17.74125,18.145,38.71,3.63,0,1.61375,2011,-119.04408,33.46442,19.8,16.44,6,9.908699,Island,0,8474164.167,62,16.152,15.774,16.59,-0.92675,-0.43375,0.39075,162.1459364,152.6976326,No,No,No,Test,Test,No,No
63_2008,6.515833333,18.31583333,83.88833333,1.110833333,4.583333333,54.16666667,3.194166667,0.416666667,42.2225,10.41583333,0,0,2008,-119.02679,33.47471,20,16.51,6,3.797164,Island,0,8474164.167,63,16.728,16.266,16.584,-0.686166667,-0.34275,0.301166667,465.6675193,510.6418485,No,No,No,Test,Test,No,No
63_2011,1.076666667,30.645,79.57166667,3.226666667,1.075,27.42166667,5.375,6.451666667,60.75166667,16.12833333,0,0,2011,-119.02679,33.47471,20,16.51,6,3.797164,Island,0,8474164.167,63,16.182,15.93,16.488,-0.92675,-0.43375,0.39075,162.1459364,152.6976326,No,No,No,Test,Test,No,No
64_2008,9.441666667,5.845833333,70.2775,17.91666667,5.555,26.94416667,5,0,68.055,6.250833333,0,0.833333333,2008,-119.03127,33.46293,29.4,16.61,6,3.083542,Island,0,8474164.167,64,16.788,16.32,16.854,-0.686166667,-0.34275,0.301166667,465.6675193,510.6418485,No,No,No,Test,Test,No,No
64_2012,1.61375,3.62875,85.48375,6.855,4.83875,0.40375,15.3225,17.7425,66.5325,2.8225,0,2.0175,2012,-119.03127,33.46293,29.4,16.61,6,3.083542,Island,0,8474164.167,64,16.866,16.326,15.864,0.142833333,-0.92675,-0.43375,91.05772947,162.1459364,No,No,No,Test,Test,No,No
65_2004,2.5,26.38833333,52.77916667,14.99916667,4.166666667,50.27833333,10.2775,0,39.44333333,28.055,0,0.2775,2004,-119.02882,33.46878,19.5,16.54,6,3.958674,Island,0,8474164.167,65,17.232,16.056,16.66875,0.40775,0.448333333,0.577166667,202.4952452,596.8257782,No,No,No,Test,Test,No,No
65_2008,15.43,7.6725,78.05583333,10.2775,4.585,32.36083333,2.5,0,65.13916667,7.084166667,0,0,2008,-119.02882,33.46878,19.5,16.54,6,3.958674,Island,0,8474164.167,65,16.44,16.332,16.632,-0.686166667,-0.34275,0.301166667,465.6675193,510.6418485,No,No,No,Test,Test,No,No
65_2011,13.44166667,14.51666667,65.59333333,13.44,11.82833333,30.10666667,12.905,2.15,54.83833333,9.14,0,0,2011,-119.02882,33.46878,19.5,16.54,6,3.958674,Island,0,8474164.167,65,15.99,15.936,16.824,-0.92675,-0.43375,0.39075,162.1459364,152.6976326,No,No,No,Test,Test,No,No
65_2012,3.766666667,20.43,59.14,18.81666667,10.75333333,2.688333333,3.226666667,0,94.085,11.29166667,0,2.153333333,2012,-119.02882,33.46878,19.5,16.54,6,3.958674,Island,0,8474164.167,65,16.734,15.99,15.936,0.142833333,-0.92675,-0.43375,91.05772947,162.1459364,No,No,No,Test,Test,No,No
66_2008,21.775,0,90.3225,9.6775,0,28.225,15.3225,4.8375,51.6125,0,0,0,2008,-119.04821,33.46585,21.1,16.4,6,12.387263,Island,0,8474164.167,66,15.792,16.092,16.758,-0.686166667,-0.34275,0.301166667,465.6675193,510.6418485,No,No,No,Test,Test,No,No
66_2011,8.065,4.301666667,88.17166667,6.99,4.838333333,0,28.49333333,27.95833333,43.54833333,0,0,0.538333333,2011,-119.04821,33.46585,21.1,16.4,6,12.387263,Island,0,8474164.167,66,16.086,15.972,16.608,-0.92675,-0.43375,0.39075,162.1459364,152.6976326,No,No,No,Test,Test,No,No
66_2012,0.538333333,0,97.31,2.69,0,0,29.56833333,38.17333333,32.25833333,0,0,0,2012,-119.04821,33.46585,21.1,16.4,6,12.387263,Island,0,8474164.167,66,16.602,16.086,15.972,0.142833333,-0.92675,-0.43375,91.05772947,162.1459364,No,No,No,Test,Test,No,No
67_2008,8.874166667,0,92.9175,2.083333333,4.999166667,63.74916667,5,11.11083333,20.14,0,0,0.2875,2008,-119.0525,33.4791,21.3,16.37,6,3.791107,Island,0,8474164.167,67,16.47,16.122,16.59,-0.686166667,-0.34275,0.301166667,465.6675193,510.6418485,No,No,No,Test,Test,No,No
68_2008,0,0.538333333,40.86,50.53833333,7.526666667,17.74166667,2.69,33.33333333,46.23666667,1.076666667,0,0,2008,-118.4863,33.3999,17.1,17.24,17,8.945771,Island,0,1053169.845,68,16.89,17.268,17.658,-0.686166667,-0.34275,0.301166667,465.6675193,510.6418485,Yes,Yes,No,Cal,Test,No,No
69_2011,2.42,2.82375,90.3225,6.04875,1.6125,1.21,24.19375,40.725,33.8725,2.01625,0,4.03375,2011,-118.48767,33.45217,27.5,17.48,17,18.093525,Island,0,383217.4117,69,16.83,16.884,17.544,-0.92675,-0.43375,0.39075,162.1459364,152.6976326,Yes,No,No,Cal,Test,No,No
69_2012,0.40375,3.2275,83.86875,9.27375,2.82375,9.67625,9.275,34.67875,46.37,4.03375,0,2.41875,2012,-118.48767,33.45217,27.5,17.48,17,18.093525,Island,0,383217.4117,69,17.646,16.83,16.884,0.142833333,-0.92675,-0.43375,91.05772947,162.1459364,Yes,No,No,Test,Test,Yes,No
7_2004,0.2775,19.15583333,23.88916667,41.11083333,13.05583333,33.88833333,10.27833333,1.389166667,54.44416667,21.94583333,0.2775,2.638333333,2004,-119.3651,34.01237,12.8,15.75,6,6.318855,Island,0,555027.2446,7,16.236,15.402,15.45,0.40775,0.448333333,0.577166667,202.4952452,596.8257782,No,No,No,Test,Test,No,No
7_2008,3.055,6.388333333,80,8.61,1.665833333,4.165833333,17.49833333,28.88916667,49.44583333,9.7225,0,0.555833333,2008,-119.3651,34.01237,12.8,15.75,6,6.318855,Island,0,555027.2446,7,15.99,15.582,16.128,-0.686166667,-0.34275,0.301166667,465.6675193,510.6418485,No,No,No,Test,Test,No,No
7_2011,13.65,6.110833333,65,23.88833333,8.055,0.833333333,23.88916667,10.83333333,64.44416667,3.055,0,1.110833333,2011,-119.3651,34.01237,12.8,15.75,6,6.318855,Island,0,555027.2446,7,15.588,15.054,15.75,-0.92675,-0.43375,0.39075,162.1459364,152.6976326,No,No,No,Test,Test,No,No
7_2012,6.944166667,8.61,73.61,10.555,7.776666667,3.610833333,16.11166667,5.278333333,74.99833333,8.055,0,0.555,2012,-119.3651,34.01237,12.8,15.75,6,6.318855,Island,0,555027.2446,7,15.732,15.588,15.054,0.142833333,-0.92675,-0.43375,91.05772947,162.1459364,No,No,No,Test,Test,No,No
70_2011,9.14,12.905,25.26833333,11.29,50.53833333,29.57,10.215,18.815,41.39833333,12.90333333,0,1.075,2011,-118.47947,33.44802,19.8,17.49,16,28.818618,Island,0,383217.4117,70,16.866,16.764,17.766,-0.92675,-0.43375,0.39075,162.1459364,152.6976326,Yes,No,No,Test,Test,Yes,No
70_2012,4.841666667,3.765,17.20333333,15.05333333,62.90333333,20.96833333,8.063333333,1.075,69.89333333,4.84,0,0.538333333,2012,-118.47947,33.44802,19.8,17.49,16,28.818618,Island,0,383217.4117,70,17.742,16.866,16.764,0.142833333,-0.92675,-0.43375,91.05772947,162.1459364,Yes,No,No,Cal,Test,No,No
71_2011,6.453333333,41.39666667,13.98,32.25666667,17.74166667,42.47333333,3.763333333,0,53.76333333,36.02166667,0,0,2011,-118.51181,33.42609,15,17.38,17,15.892803,Island,0,1053169.845,71,16.746,16.308,17.556,-0.92675,-0.43375,0.39075,162.1459364,152.6976326,No,No,No,Test,Test,No,No
71_2012,5.915,19.89166667,5.915,40.32166667,25.26833333,10.215,9.676666667,1.075,79.03333333,28.49333333,0,2.688333333,2012,-118.51181,33.42609,15,17.38,17,15.892803,Island,0,1053169.845,71,17.676,16.746,16.308,0.142833333,-0.92675,-0.43375,91.05772947,162.1459364,No,No,No,Test,Test,No,No
72_2011,1.613333333,4.838333333,77.95833333,11.82833333,4.301666667,7.526666667,25.26833333,3.763333333,63.44166667,5.915,0,0.538333333,2011,-118.46975,33.33032,15,17.18,4,3.951075,Island,0,1156977.012,72,16.536,15.708,17.472,-0.92675,-0.43375,0.39075,162.1459364,152.6976326,Yes,Yes,Yes,Cal,Cal,No,No
72_2012,10.75333333,4.84,68.81666667,15.05333333,11.83,1.613333333,25.80833333,2.151666667,70.43,4.3,0,0,2012,-118.46975,33.33032,15,17.18,4,3.951075,Island,0,1156977.012,72,17.406,16.536,15.708,0.142833333,-0.92675,-0.43375,91.05772947,162.1459364,Yes,Yes,Yes,Test,Test,Yes,Yes
73_2004,6.110833333,13.27,13.33333333,63.8875,8.611666667,38.61,21.38833333,1.110833333,38.89,14.16583333,0,0.2775,2004,-118.30333,33.31926,25.8,17.56,1,36.29201,Island,0,284326.5411,73,17.862,17.556,17.37,0.40775,0.448333333,0.577166667,202.4952452,596.8257782,No,No,No,Test,Test,No,No
73_2008,0.538333333,1.075,34.41,63.44,2.15,33.33333333,9.14,0,57.52666667,0,0,0,2008,-118.30333,33.31926,25.8,17.56,1,36.29201,Island,0,284326.5411,73,17.28,17.436,17.994,-0.686166667,-0.34275,0.301166667,465.6675193,510.6418485,No,No,No,Test,Test,No,No
74_2004,2.5,3.3325,44.99916667,42.5,1.110833333,0,31.11166667,13.88916667,55.00083333,11.38833333,0,5.555,2004,-118.48088,33.38925,15.5,17.2,17,7.508022,Island,0,1053169.845,74,17.694,17.352,17.052,0.40775,0.448333333,0.577166667,202.4952452,596.8257782,Yes,Yes,Yes,Cal,Cal,No,No
75_2011,5.378333333,7.528333333,86.56,3.226666667,6.451666667,3.763333333,31.18333333,14.51666667,50.54,3.763333333,0,1.076666667,2011,-118.3669,33.4001,18.6,17.59,4,12.349096,Island,0,541581.6392,75,17.124,17.238,18.024,-0.92675,-0.43375,0.39075,162.1459364,152.6976326,Yes,No,No,Test,Test,Yes,No
75_2012,0.538333333,8.603333333,80.64333333,5.915,2.153333333,0,44.62333333,8.065,47.31333333,11.29166667,0,2.688333333,2012,-118.3669,33.4001,18.6,17.59,4,12.349096,Island,0,541581.6392,75,17.604,17.124,17.238,0.142833333,-0.92675,-0.43375,91.05772947,162.1459364,Yes,No,No,Cal,Test,No,No
76_2008,1.075,3.763333333,68.81666667,24.73,0.538333333,8.065,8.065,19.355,64.51833333,5.913333333,0,2.688333333,2008,-118.48205,33.3799,19,17.19,16,8.464413,Island,0,298787.1993,76,16.722,17.028,17.622,-0.686166667,-0.34275,0.301166667,465.6675193,510.6418485,Yes,Yes,No,Cal,Test,No,No
77_2011,1.075,7.526666667,66.66666667,16.66666667,7.528333333,9.678333333,20.43166667,37.635,32.25666667,9.14,0,1.615,2011,-118.52617,33.46887,17.2,17.31,16,7.027749,Island,0,315808.6463,77,16.818,16.38,17.4,-0.92675,-0.43375,0.39075,162.1459364,152.6976326,No,No,No,Test,Test,No,No
77_2012,0.538333333,5.915,67.74166667,18.27666667,10.75333333,1.075,23.655,6.99,68.28,3.226666667,0,2.151666667,2012,-118.52617,33.46887,17.2,17.31,16,7.027749,Island,0,315808.6463,77,17.772,16.818,16.38,0.142833333,-0.92675,-0.43375,91.05772947,162.1459364,No,No,No,Test,Test,No,No
78_2004,4.445,2.7775,39.1675,33.61166667,15.555,7.2225,17.22166667,2.2225,73.33333333,11.66666667,0,9.444166667,2004,-118.4851,33.44708,20.1,17.48,16,30.938581,Island,0,383217.4117,78,17.97,17.448,17.004,0.40775,0.448333333,0.577166667,202.4952452,596.8257782,Yes,Yes,Yes,Val,Val,Yes,Yes
79_2008,0.538333333,2.688333333,59.14,37.09666667,0.538333333,4.84,30.10833333,8.601666667,56.45166667,3.226666667,0,0,2008,-118.57515,33.4475,17,17.07,14,9.222531,Island,0,566191.0056,79,16.932,16.932,17.604,-0.686166667,-0.34275,0.301166667,465.6675193,510.6418485,No,No,No,Test,Test,No,No
79_2011,0,0,84.94666667,14.515,0.538333333,23.11833333,6.451666667,0,70.43,0,0,0,2011,-118.57515,33.4475,17,17.07,14,9.222531,Island,0,566191.0056,79,16.47,15.594,17.226,-0.92675,-0.43375,0.39075,162.1459364,152.6976326,No,No,No,Test,Test,No,No
79_2012,0.538333333,4.84,74.73166667,9.676666667,0,1.075,52.15,3.225,43.54833333,15.59166667,0,1.613333333,2012,-118.57515,33.4475,17,17.07,14,9.222531,Island,0,566191.0056,79,17.286,16.47,15.594,0.142833333,-0.92675,-0.43375,91.05772947,162.1459364,No,No,No,Test,Test,No,No
8_2004,15.01166667,4.886666667,69.305,18.19416667,4.445833333,0.416666667,9.861666667,8.055,81.66666667,8.055,3.201666667,2.101666667,2004,-119.39041,34.00862,18.3,15.79,6,3.341615,Island,0,913074.3428,8,16.368,15.624,15.36,0.40775,0.448333333,0.577166667,202.4952452,596.8257782,No,No,No,Test,Test,No,No
8_2008,5.316666667,3.61,70.2775,13.61166667,6.665833333,4.721666667,21.94416667,8.610833333,64.72166667,9.443333333,0,5.363333333,2008,-119.39041,34.00862,18.3,15.79,6,3.341615,Island,0,913074.3428,8,16.038,15.582,16.32,-0.686166667,-0.34275,0.301166667,465.6675193,510.6418485,No,No,No,Test,Test,No,No
8_2011,12.73916667,9.325,62.77833333,24.1675,4.445,4.999166667,7.2225,2.499166667,85.27833333,8.61,0,1.666666667,2011,-119.39041,34.00862,18.3,15.79,6,3.341615,Island,0,913074.3428,8,15.486,15.078,15.876,-0.92675,-0.43375,0.39075,162.1459364,152.6976326,No,No,No,Test,Test,No,No
8_2012,5.555833333,7.2225,57.5,30.83333333,3.889166667,0,21.11166667,11.66666667,67.2225,7.7775,0,0.555,2012,-119.39041,34.00862,18.3,15.79,6,3.341615,Island,0,913074.3428,8,15.906,15.486,15.078,0.142833333,-0.92675,-0.43375,91.05772947,162.1459364,No,No,No,Test,Test,No,No
80_2004,2.220833333,1.943333333,80.8225,7.499166667,6.945,3.333333333,20.55416667,13.3325,62.7775,4.731666667,0,8.888333333,2004,-118.48932,33.44782,19.2,17.48,17,15.722862,Island,0,383217.4117,80,17.964,17.418,17.07,0.40775,0.448333333,0.577166667,202.4952452,596.8257782,Yes,Yes,Yes,Cal,Cal,No,No
81_2011,5.915,30.10666667,55.37666667,9.14,4.838333333,20.43,15.055,0,64.51666667,30.645,0,2.15,2011,-118.37576,33.41073,15,17.62,5,34.494192,Island,0,541581.6392,81,17.256,17.004,18.024,-0.92675,-0.43375,0.39075,162.1459364,152.6976326,Yes,No,No,Cal,Test,No,No
82_2008,4.0325,8.8725,35.4825,42.7425,12.9025,33.87,3.225,4.0325,58.8725,8.8725,0,0,2008,-118.50253,33.45387,15,17.42,17,22.200238,Island,0,267508.8017,82,17.424,17.322,17.814,-0.686166667,-0.34275,0.301166667,465.6675193,510.6418485,No,No,No,Test,Test,No,No
83_2004,1.666666667,1.388333333,20.27833333,67.2225,6.389166667,2.2225,9.861666667,12.91666667,74.99916667,6.110833333,0,1.944166667,2004,-118.52032,33.4276,15.2,17.44,17,11.88128,Island,0,453749.8363,83,17.988,17.502,17.412,0.40775,0.448333333,0.577166667,202.4952452,596.8257782,Yes,Yes,Yes,Val,Cal,Yes,No
84_2011,1.615,25.805,26.88333333,34.41,9.678333333,15.59,19.355,18.81666667,46.23666667,29.03333333,0,0,2011,-118.31705,33.34358,20.6,17.65,3,32.027253,Island,0,284326.5411,84,17.034,16.848,17.76,-0.92675,-0.43375,0.39075,162.1459364,152.6976326,No,No,No,Test,Test,No,No
84_2012,1.076666667,38.17333333,50,9.678333333,2.151666667,5.913333333,15.59166667,0,78.495,38.17333333,0,0.538333333,2012,-118.31705,33.34358,20.6,17.65,3,32.027253,Island,0,284326.5411,84,17.586,17.034,16.848,0.142833333,-0.92675,-0.43375,91.05772947,162.1459364,No,No,No,Test,Test,No,No
85_2004,17.5025,5,0,19.1675,76.665,69.1675,2.5,0,28.3325,4.1675,0,3.3325,2004,-118.43547,33.42815,12.2,17.62,17,17.307156,Island,0,338606.2964,85,17.976,17.874,17.358,0.40775,0.448333333,0.577166667,202.4952452,596.8257782,Yes,Yes,No,Test,Test,Yes,No
85_2008,0,12.9025,40.325,45.16,1.615,14.515,25.805,2.42,57.2575,12.9025,0,0,2008,-118.43547,33.42815,12.2,17.62,17,17.307156,Island,0,338606.2964,85,17.802,17.388,18.108,-0.686166667,-0.34275,0.301166667,465.6675193,510.6418485,Yes,Yes,No,Cal,Test,No,No
85_2011,0,8.8725,61.29,25.805,5.6475,0.8075,21.775,12.9025,64.515,7.26,0,0,2011,-118.43547,33.42815,12.2,17.62,17,17.307156,Island,0,338606.2964,85,17.052,16.722,17.622,-0.92675,-0.43375,0.39075,162.1459364,152.6976326,Yes,Yes,No,Test,Test,Yes,No
85_2012,0.8075,12.095,55.645,29.0325,2.42,4.84,17.7425,4.8375,72.58,12.905,0,1.6125,2012,-118.43547,33.42815,12.2,17.62,17,17.307156,Island,0,338606.2964,85,17.7,17.052,16.722,0.142833333,-0.92675,-0.43375,91.05772947,162.1459364,No,Yes,No,Test,Test,No,No
86_2011,5.376666667,9.141666667,72.04333333,9.14,12.36666667,0,44.085,12.90333333,43.01166667,6.453333333,0,1.075,2011,-118.42152,33.31458,17.1,17.44,3,7.744426,Island,0,1328340.003,86,16.71,16.782,17.496,-0.92675,-0.43375,0.39075,162.1459364,152.6976326,Yes,Yes,Yes,Cal,Cal,No,No
86_2012,1.615,6.99,79.03166667,10.215,6.988333333,0,14.515,2.151666667,83.33333333,3.765,0,0,2012,-118.42152,33.31458,17.1,17.44,3,7.744426,Island,0,1328340.003,86,17.58,16.71,16.782,0.142833333,-0.92675,-0.43375,91.05772947,162.1459364,Yes,Yes,Yes,Test,Test,Yes,Yes
87_2011,0.40375,0.40375,50,47.98375,2.0175,0,61.29,19.75625,18.9525,0,0,2.01625,2011,-118.4914,33.46302,33.4,17.49,16,50.875223,Island,0,131394.751,87,16.932,16.83,17.52,-0.92675,-0.43375,0.39075,162.1459364,152.6976326,Yes,No,No,Test,Test,Yes,No
87_2012,3.2275,0,66.5325,30.24375,2.0175,0.40375,43.145,5.645,50.8075,1.21,0,3.2275,2012,-118.4914,33.46302,33.4,17.49,16,50.875223,Island,0,131394.751,87,17.538,16.932,16.83,0.142833333,-0.92675,-0.43375,91.05772947,162.1459364,Yes,No,No,Cal,Test,No,No
88_2012,12.365,10.21666667,23.65666667,19.89166667,44.08833333,5.913333333,21.505,8.601666667,63.97833333,12.36666667,0,2.688333333,2012,-118.38917,33.41788,18.8,17.57,11,38.201658,Island,0,541581.6392,88,17.706,17.244,16.71,0.142833333,-0.92675,-0.43375,91.05772947,162.1459364,Yes,No,No,Cal,Test,No,No
89_2011,2.42125,0,37.0975,56.85375,6.04875,22.58,24.19375,3.62875,49.5975,0,0,0,2011,-118.47017,33.4425,25,17.57,17,39.42642,Island,0,112954.4081,89,17.04,17.016,17.688,-0.92675,-0.43375,0.39075,162.1459364,152.6976326,Yes,No,No,Cal,Test,No,No
9_2004,4.458333333,13.85416667,65.97166667,14.30416667,4.3075,8.503333333,12.92833333,17.49916667,61.0675,15.41666667,0,1.270833333,2004,-119.43079,34.01693,27.4,15.66,7,9.042704,Island,0,1733642.751,9,16.458,15.396,15.42,0.40775,0.448333333,0.577166667,202.4952452,596.8257782,No,No,No,Test,Test,No,No
9_2008,8.3625,3.61,65.27833333,23.33333333,6.11,0.2775,31.38916667,9.445,58.89,5.2775,0,2.5,2008,-119.43079,34.01693,27.4,15.66,7,9.042704,Island,0,1733642.751,9,15.582,15.498,16.128,-0.686166667,-0.34275,0.301166667,465.6675193,510.6418485,No,No,No,Test,Test,No,No
9_2011,15.83333333,7.2225,61.94416667,21.38833333,9.445,6.945,20.00083333,26.11,46.94416667,7.2225,0,1.110833333,2011,-119.43079,34.01693,27.4,15.66,7,9.042704,Island,0,1733642.751,9,15.24,15.012,15.696,-0.92675,-0.43375,0.39075,162.1459364,152.6976326,No,No,No,Test,Test,No,No
9_2012,16.6675,9.721666667,58.33333333,19.44416667,12.22166667,1.945,27.7775,21.3875,48.89,10,0,2.500833333,2012,-119.43079,34.01693,27.4,15.66,7,9.042704,Island,0,1733642.751,9,15.918,15.24,15.012,0.142833333,-0.92675,-0.43375,91.05772947,162.1459364,No,No,No,Test,Test,No,No
90_2012,1.613333333,12.90166667,77.42,9.676666667,0,24.195,23.655,0,52.15,12.90166667,0,2.151666667,2012,-118.54826,33.00208,16.7,17.22,5,11.334453,Island,0,2024145.939,90,17.526,16.842,16.254,0.142833333,-0.92675,-0.43375,91.05772947,162.1459364,No,No,Yes,Test,Val,No,Yes
91_2012,3.765,7.526666667,88.17333333,4.838333333,5.376666667,23.65666667,21.50333333,8.065,46.77666667,1.613333333,0,2.151666667,2012,-118.61528,33.03732,25,16.68,4,6.354096,Island,0,3478249.668,91,16.938,16.44,15.858,0.142833333,-0.92675,-0.43375,91.05772947,162.1459364,No,No,Yes,Test,Cal,No,No
92_2004,0.555,6.944166667,61.70583333,10.08,8.510833333,20.55583333,23.61083333,14.72083333,41.11166667,19.7025,0,2.5,2004,-118.42918,32.80065,27.6,17.09,4,4.642656,Island,0,4787892.855,92,17.61,17.088,17.05625,0.40775,0.448333333,0.577166667,202.4952452,596.8257782,No,No,No,Test,Test,No,No
92_2008,5.913333333,0,96.23666667,3.763333333,0,15.055,19.89333333,28.49333333,36.55833333,0,0,0,2008,-118.42918,32.80065,27.6,17.09,4,4.642656,Island,0,4787892.855,92,17.046,17.094,17.31,-0.686166667,-0.34275,0.301166667,465.6675193,510.6418485,No,No,No,Test,Test,No,No
92_2012,0,8.47,90.72625,2.82375,2.42,0.8075,26.20875,34.275,38.70875,4.0325,0,1.61375,2012,-118.42918,32.80065,27.6,17.09,4,4.642656,Island,0,4787892.855,92,17.112,16.704,16.338,0.142833333,-0.92675,-0.43375,91.05772947,162.1459364,No,No,No,Test,Test,No,No
93_2012,6.8575,3.22625,78.225,16.13,3.2275,4.43625,21.77375,5.24125,68.54875,2.42125,0,0,2012,-118.5391,32.90469,27.4,16.74,3,2.041898,Island,0,2928732.57,93,16.74,16.356,15.696,0.142833333,-0.92675,-0.43375,91.05772947,162.1459364,No,Yes,No,Test,Test,No,No
94_2004,8.054166667,7.5,22.7775,45.27833333,16.38833333,20.83416667,37.5,3.055833333,38.6125,15.55583333,0,9.273333333,2004,-118.36587,32.83663,32.6,17.57,3,11.974419,Island,0,414896.6783,94,17.838,17.568,17.382,0.40775,0.448333333,0.577166667,202.4952452,596.8257782,Yes,No,No,Test,Test,Yes,No
94_2008,5.991428571,16.59,23.50428571,38.24857143,16.58857143,41.01285714,10.13714286,5.53,43.31857143,21.65857143,0,5.07,2008,-118.36587,32.83663,32.6,17.57,3,11.974419,Island,0,414896.6783,94,17.634,17.412,18.342,-0.686166667,-0.34275,0.301166667,465.6675193,510.6418485,Yes,No,No,Test,Test,Yes,No
94_2011,1.6125,12.095,82.2575,8.065,4.0325,0,41.1325,27.42,31.45,5.645,0,1.6125,2011,-118.36587,32.83663,32.6,17.57,3,11.974419,Island,0,414896.6783,94,17.166,16.464,17.724,-0.92675,-0.43375,0.39075,162.1459364,152.6976326,Yes,No,No,Test,Test,Yes,No
94_2012,2.42,3.62875,77.41875,10.48375,2.41875,11.29,15.7275,52.42,20.5625,9.67875,0,0,2012,-118.36587,32.83663,32.6,17.57,3,11.974419,Island,0,414896.6783,94,17.64,17.166,16.464,0.142833333,-0.92675,-0.43375,91.05772947,162.1459364,Yes,No,No,Cal,Test,No,No
95_2012,0,8.065,78.22625,12.09625,3.62875,0,37.09625,13.70875,49.19375,6.04875,0,0.40375,2012,-118.49016,32.84186,25,16.84,3,6.374449,Island,0,7125337.597,95,16.728,16.386,16.05,0.142833333,-0.92675,-0.43375,91.05772947,162.1459364,No,No,No,Test,Test,No,No
96_2012,0,4.838333333,91.935,6.99,0,3.765,25.26666667,5.376666667,65.59333333,1.075,0,0.538333333,2012,-118.58382,33.03225,18.3,16.96,4,1.556585,Island,0,2043790.862,96,17.292,16.56,16.014,0.142833333,-0.92675,-0.43375,91.05772947,162.1459364,No,No,Yes,Test,Cal,No,No
97_2012,1.613333333,11.82833333,83.33333333,6.451666667,0,3.763333333,22.04166667,38.17333333,36.02166667,10.215,0,0,2012,-118.41043,32.869,20.3,17.66,4,17.026082,Island,0,0,97,17.862,17.118,17.34,0.142833333,-0.92675,-0.43375,91.05772947,162.1459364,No,No,No,Test,Test,No,No
98_2004,1.389166667,4.7225,45.8325,27.77833333,20,40.8325,12.22166667,8.333333333,38.61166667,6.388333333,0,0.8325,2004,-118.37115,32.8155,30.6,17.38,3,3.578641,Island,0,3494645.733,98,17.796,17.352,17.31,0.40775,0.448333333,0.577166667,202.4952452,596.8257782,No,No,No,Test,Test,No,No
98_2008,1.6125,6.04875,68.14625,13.71125,8.87125,24.19375,22.9825,29.83875,22.98375,9.27375,0,3.62875,2008,-118.37115,32.8155,30.6,17.38,3,3.578641,Island,0,3494645.733,98,17.598,17.388,17.73,-0.686166667,-0.34275,0.301166667,465.6675193,510.6418485,No,No,No,Test,Test,No,No
98_2011,3.63,8.065,80.64625,5.645,8.87,2.01625,21.37125,18.145,58.46625,4.84,0,0,2011,-118.37115,32.8155,30.6,17.38,3,3.578641,Island,0,3494645.733,98,16.668,16.644,17.574,-0.92675,-0.43375,0.39075,162.1459364,152.6976326,No,No,No,Test,Test,No,No
98_2012,1.21125,2.82375,89.92,2.82375,3.63,0.8075,20.16125,30.645,48.38875,3.63,0,0.40375,2012,-118.37115,32.8155,30.6,17.38,3,3.578641,Island,0,3494645.733,98,17.424,16.668,16.644,0.142833333,-0.92675,-0.43375,91.05772947,162.1459364,No,No,No,Test,Test,No,No
99_2012,1.61375,8.06625,75.80625,17.34,0,3.62875,26.21,4.83875,65.3225,6.855,0,0.80625,2012,-118.56347,33.02639,25,17.01,4,8.093966,Island,0,190927.761,99,17.292,16.656,16.236,0.142833333,-0.92675,-0.43375,91.05772947,162.1459364,No,No,Yes,Test,Cal,No,No
